{"__Version":"0.1","App":"3aa25b35-d0aa-49b0-bddc-191d1d107eee","Test_7F478737223C4B69":"0cb1f7b3-e551-4a90-8187-6b9472676963","Host":"6330cfcd-84e6-4b59-942b-253cb8336502","Header":"a8712382-8b72-46a0-8139-2beafbb7053e","icnBack":"fd5135ae-56c6-4c14-bb19-c4ccb6fa5f83","lblAppTitle":"3f761389-acea-4d0c-907f-b73789bf8684","imgAppLogo":"f0f18d8c-e465-4d36-b07a-601786e25cac","Label2":"1d710104-9a2d-4c75-8be3-666d7db473cb","Nouveau Carnet":"d4700ac9-d40e-41b8-91a9-ea874f3a9d7c","conNewCarnetMain":"5d094892-e4b8-40dc-b735-dc49faea92fe","btnNewCarnetTitle":"a94ec7cb-b18c-4483-bc42-00c246f5ef6d","conNewCarnetFormRow":"26a173f4-4f55-4d5f-8a49-abef04c62a46","conNewCarnetFormName":"38024aba-82fd-4f03-bd2b-b69eac192572","lblNewCarnetFormName":"6ed1d4a3-461b-41f1-99a7-eaae0e697c2b","txtNewCarnetFormName":"c424cbdb-7b66-4c18-b4a0-7e42dc42dfd4","conNewCarnetFormApprenantCompagnon":"984a9181-cefd-44a7-b56c-8e3e7205eb27","conNewCarnetFormEquipe":"e74e020f-659e-4d40-ae72-8aea08853960","lblNewCarnetFormEquipe":"43fb4fe4-4ef9-42e5-a6fe-4e601c796cca","cmbNewCarnetFormEquipe":"40f9d31d-b31c-4610-b95b-18af7bcc18dd","Nom1":"0c395c2e-2d80-4f5b-aede-27224601589d","conNewCarnetFormApprenant":"6a3171fa-eba6-4b9c-b6b8-9babc05f3ded","lblNewCarnetFormApprenant":"751620a3-3f9e-42a2-ab7d-3096e1b1fb5d","cmbNewCarnetFormApprenant":"0baf157e-7974-41ce-af6c-6a72c740295a","Nom complet1":"12c0dfbe-1b80-4c5e-bf16-6289bd25c687","Division1":"3057db57-b2aa-4dff-b352-d75c394060c7","Titre1":"51f65f94-0fa5-4256-9407-1d946aea6fb9","Poste1":"1fd8b2ab-4e71-45de-8618-a8c21e5a7dbe","T\u00E9l\u00E9phone principal1":"4929e994-bb9f-42c3-815a-31c0a70928bc","conNewCarnetFormCompagnon":"6850f1b8-b07f-48ad-a3de-a162c108839a","lblNewCarnetFormCompagnon":"81abaa4e-5241-4077-9966-cbfc2a80d7b7","cmbNewCarnetFormCompagnon":"1dd3f3b5-4fd3-4515-bd1a-e2ebb4b4d945","Nom complet1_1":"cf2e160b-865e-48e1-bb57-60d9ea19c117","Division1_1":"1cbc9eb7-eda6-424e-af88-4ea032eaabb7","Titre1_1":"0e73f52c-5b8f-4f52-981f-bf870996a627","Poste1_1":"776c6af3-5068-4775-bc47-59a9e67bb618","T\u00E9l\u00E9phone principal1_1":"93b89cac-dd57-4b2a-b5b4-890b3ad9755b","conNewCarnetFormEmploiModele":"211e5582-1735-4feb-bfdb-8f88a54a9506","conNewCarnetFormEmploi":"19b8a1a5-fa08-4d71-8561-912fa01e7f37","lblNewCarnetFormEmploi":"e8768f01-79b7-4738-9e7d-69e8e776a328","cmbNewCarnetFormEmploi":"15467dff-a0e7-470d-96dd-2ec3e1a51249","Name1":"399e8571-7db5-4793-9124-15b016838432","Cr\u00E9\u00E9 le1":"bbf8ecf3-724d-4d57-89f2-268039e78dff","conNewCarnetFormModele":"e96a884a-5684-4f65-badb-39efca5cc6b5","lblNewCarnetFormModele":"5d3857d9-3786-423c-bb6f-0854bac6a1c4","cmbNewCarnetFormModele":"1024c5b0-5aee-4742-bbe9-fe1c2360afef","Name2":"07a540b1-86e1-4089-bfc6-8015724678ae","Cr\u00E9\u00E9 le2":"bfdfaaad-a6c1-4f0f-b854-a19dd5a01096","conNewCarnetFormCompetences":"69f7519f-25dd-4736-aca2-68519dc2a700","conNewCarnetFormCompetencesCarnet":"7756b016-6550-435b-a904-4d52e2915b12","lblNewCarnetFormCompetencesCarnet":"afb6c394-fc79-42c4-a71f-f5ee960797a7","conNewCarnetFormCompetencesCarnetGalHeader":"6ff3e669-5ff6-4cb8-b948-71f8b525073b","btnNewCarnetFormCompetences":"a6d5c97e-5719-4f4d-9833-2cc0e22317bd","btnNewCarnetFormCompetencesTheme":"81a928af-02a2-4c74-a93c-6fa2e0b17d1c","btnNewCarnetFormCompetencesDelete":"51940c5e-e5d4-4819-9af0-5ed387edc7ad","galNewCarnetFormCompetencesCarnet":"60d22f73-4ab1-4ead-b3d1-0d42dd0b8465","galleryTemplate1":"4d0211e2-30cd-4bed-9104-0adc249fb31b","lblCompetenceName":"6a709bc5-d6df-4810-9171-db41d38b148f","lblThemeName":"1095101a-65aa-475c-89ac-cb05429717f7","icoCompetenceRemove":"a1dad25d-b1d1-4fe7-9b9b-6daf2d53bb98","conNewCarnetFormCompetencesRemovedCarnet":"ef9a4536-9e24-4b84-9e2e-96b5b61d1bc8","lblNewCarnetFormCompetencesCarnetRemoved":"3cdf77fa-a211-468f-b6d6-be597bbd778a","conNewCarnetFormCompetencesCarnetRemovedGalHeader":"6ef17e4c-6345-4892-b720-9e27f0b99dc9","btnNewCarnetFormCompetencesRemovedAdd":"bf239ed8-667e-41b0-8ce7-7b2478c8d800","btnNewCarnetFormCompetencesRemoved":"8ee02c4f-0cd6-4303-af3a-a16e9cf4bd3b","btnNewCarnetFormCompetencesThemeRemoved":"7b5f7051-dbf6-4842-ba2a-6f164c016447","galNewCarnetFormCompetencesRemovedCarnet":"becb8783-91ed-4ded-81b2-be79fec4b8db","galleryTemplate1_1":"5e7bcde0-4e40-4284-b61f-1608549f750a","icoCompetenceAdd":"e0028eaf-d170-4e90-8554-4ee07fe03a75","lblCompetenceRemovedName":"b1df9c3f-ee7b-452f-84e6-913af78acb9e","lblThemeRemovedName":"7febfdfa-c83e-407b-979b-c09f6a620fa4","conNewCarnetButtons":"48929830-63f0-401d-8d9f-8b1a1a61e472","btnNewCarnet":"e2095c5a-b951-4dc1-9064-c0c884408ec7","conLoading":"18dcb259-9d11-4d50-bccb-11c23fe2bb1d","imgLoadingSpinner":"ce6e16ce-3d29-4a84-b94a-fb41fa9690f1","lblLoading1":"abda3a2c-77c7-45bf-bd20-e02fdbc12431","lblLoading2":"c59f4066-789d-4209-a883-afaed6b3a500","conAccessDenied":"0c4def78-21b7-4acc-92f2-7c21e61fc326","Icon1":"95bbb5f4-3106-41a5-9246-1ef501494709","lblLoading1_1":"44192de2-dfd6-4e88-9240-54d7397669a1","lblLoading2_1":"a9843475-8b30-4575-aa76-5e2177d50f2f"}