{
  "properties": {
    "connectionReferences": {
      "shared_commondataserviceforapps": {
        "runtimeSource": "embedded",
        "connection": {
          "connectionReferenceLogicalName": "dteam_sharedcommondataserviceforapps_11ec0"
        },
        "api": {
          "name": "shared_commondataserviceforapps"
        }
      }
    },
    "definition": {
      "$schema": "https://schema.management.azure.com/providers/Microsoft.Logic/schemas/2016-06-01/workflowdefinition.json#",
      "contentVersion": "1.0.0.0",
      "parameters": {
        "$connections": {
          "defaultValue": {},
          "type": "Object"
        },
        "$authentication": {
          "defaultValue": {},
          "type": "SecureObject"
        }
      },
      "triggers": {
        "manual": {
          "metadata": {
            "operationMetadataId": "15117528-5e24-4c9f-91d9-1b3823a3b4ea"
          },
          "type": "Request",
          "kind": "PowerAppV2",
          "inputs": {
            "schema": {
              "type": "object",
              "properties": {
                "text": {
                  "title": "Carnet_ID",
                  "type": "string",
                  "x-ms-dynamically-added": true,
                  "description": "ID du carnet à clôturer",
                  "x-ms-content-hint": "TEXT"
                }
              },
              "required": [
                "text"
              ]
            }
          }
        }
      },
      "actions": {
        "Recuperation_du_carnet_a_cloturer": {
          "runAfter": {},
          "metadata": {
            "operationMetadataId": "fd1b429f-5e05-4fc8-8051-98e906536270"
          },
          "type": "OpenApiConnection",
          "inputs": {
            "host": {
              "connectionName": "shared_commondataserviceforapps",
              "operationId": "GetItem",
              "apiId": "/providers/Microsoft.PowerApps/apis/shared_commondataserviceforapps"
            },
            "parameters": {
              "entityName": "dteam_carnets",
              "recordId": "@triggerBody()['text']"
            },
            "authentication": "@parameters('$authentication')"
          }
        },
        "Recuperation_des_Themes_du_Carnet": {
          "runAfter": {
            "Recuperation_du_carnet_a_cloturer": [
              "Succeeded"
            ]
          },
          "metadata": {
            "operationMetadataId": "2323ac76-b75b-4202-b9bb-d551a21d9d3e"
          },
          "type": "OpenApiConnection",
          "inputs": {
            "host": {
              "connectionName": "shared_commondataserviceforapps",
              "operationId": "ListRecords",
              "apiId": "/providers/Microsoft.PowerApps/apis/shared_commondataserviceforapps"
            },
            "parameters": {
              "entityName": "dteam_themecarnets",
              "$filter": "_dteam_carnetid_value eq @{outputs('Recuperation_du_carnet_a_cloturer')?['body/dteam_carnetid']}"
            },
            "authentication": "@parameters('$authentication')"
          }
        },
        "Recuperation_des_Competences_du_Carnet": {
          "runAfter": {
            "Recuperation_des_Themes_du_Carnet": [
              "Succeeded"
            ]
          },
          "metadata": {
            "operationMetadataId": "8fd2f706-2112-4aaa-8f28-d3d2dcd678ab"
          },
          "type": "OpenApiConnection",
          "inputs": {
            "host": {
              "connectionName": "shared_commondataserviceforapps",
              "operationId": "ListRecords",
              "apiId": "/providers/Microsoft.PowerApps/apis/shared_commondataserviceforapps"
            },
            "parameters": {
              "entityName": "dteam_competencecarnets",
              "$filter": "_dteam_carnetid_value eq @{outputs('Recuperation_du_carnet_a_cloturer')?['body/dteam_carnetid']}"
            },
            "authentication": "@parameters('$authentication')"
          }
        },
        "Cloture_du_Carnet": {
          "runAfter": {
            "Recuperation_des_Competences_du_Carnet": [
              "Succeeded"
            ]
          },
          "metadata": {
            "operationMetadataId": "472b17ca-2d3f-42e7-ba45-d7d8a0c7a10c"
          },
          "type": "OpenApiConnection",
          "inputs": {
            "host": {
              "connectionName": "shared_commondataserviceforapps",
              "operationId": "UpdateRecord",
              "apiId": "/providers/Microsoft.PowerApps/apis/shared_commondataserviceforapps"
            },
            "parameters": {
              "entityName": "dteam_carnets",
              "recordId": "@outputs('Recuperation_du_carnet_a_cloturer')?['body/dteam_carnetid']",
              "item/dteam_name": "@outputs('Recuperation_du_carnet_a_cloturer')?['body/dteam_name']",
              "item/dteam_nbcompetencesid": "@outputs('Recuperation_du_carnet_a_cloturer')?['body/dteam_nbcompetencesid']",
              "item/dteam_nbcompetencesvalidesnbr": "@outputs('Recuperation_du_carnet_a_cloturer')?['body/dteam_nbcompetencesvalidenbr']",
              "item/statuscode": 402730001,
              "item/statecode": 1
            },
            "authentication": "@parameters('$authentication')"
          }
        },
        "Apply_to_each": {
          "foreach": "@outputs('Recuperation_des_Themes_du_Carnet')?['body/value']",
          "actions": {
            "Cloture_des_Themes_du_Carnet": {
              "runAfter": {},
              "metadata": {
                "operationMetadataId": "86517f88-cd1c-4bc3-b950-3e299cc61d07"
              },
              "type": "OpenApiConnection",
              "inputs": {
                "host": {
                  "connectionName": "shared_commondataserviceforapps",
                  "operationId": "UpdateRecord",
                  "apiId": "/providers/Microsoft.PowerApps/apis/shared_commondataserviceforapps"
                },
                "parameters": {
                  "entityName": "dteam_themecarnets",
                  "recordId": "@items('Apply_to_each')?['dteam_themecarnetid']",
                  "item/dteam_name": "@items('Apply_to_each')?['dteam_name']",
                  "item/dteam_nbcompetencesvalidesnbr": "@items('Apply_to_each')?['dteam_nbcompetencesvalidesnbr']",
                  "item/dteam_nbcompetencesnbr": "@items('Apply_to_each')?['dteam_nbcompetencesnbr']",
                  "item/dteam_niveau1txt": "@items('Apply_to_each')?['dteam_niveau1txt']",
                  "item/dteam_niveau2txt": "@items('Apply_to_each')?['dteam_niveau2txt']",
                  "item/dteam_niveau3txt": "@items('Apply_to_each')?['dteam_niveau3txt']",
                  "item/statuscode": 402730001,
                  "item/statecode": 1
                },
                "authentication": "@parameters('$authentication')"
              }
            }
          },
          "runAfter": {
            "Respond_to_a_PowerApp_or_flow": [
              "Succeeded"
            ]
          },
          "metadata": {
            "operationMetadataId": "aa08077c-fabf-4226-af8d-45af642666f3"
          },
          "type": "Foreach"
        },
        "Apply_to_each_2": {
          "foreach": "@outputs('Recuperation_des_Competences_du_Carnet')?['body/value']",
          "actions": {
            "Cloture_des_Competences_du_Carnet": {
              "runAfter": {},
              "metadata": {
                "operationMetadataId": "dd2f2cee-e114-4620-8446-d57f8644eff6"
              },
              "type": "OpenApiConnection",
              "inputs": {
                "host": {
                  "connectionName": "shared_commondataserviceforapps",
                  "operationId": "UpdateRecord",
                  "apiId": "/providers/Microsoft.PowerApps/apis/shared_commondataserviceforapps"
                },
                "parameters": {
                  "entityName": "dteam_competencecarnets",
                  "recordId": "@items('Apply_to_each_2')?['dteam_competencecarnetid']",
                  "item/dteam_name": "@items('Apply_to_each_2')?['dteam_name']",
                  "item/dteam_nbobservationsnbr": "@items('Apply_to_each_2')?['dteam_nbobservationsnbr']",
                  "item/dteam_nbobservationsavalidernbr": "@items('Apply_to_each_2')?['dteam_nbobservationsavalidernbr']",
                  "item/dteam_nbobservationsvalidesnbr": "@items('Apply_to_each_2')?['dteam_nbobservationsvalidesnbr']",
                  "item/statuscode": 402730001,
                  "item/dteam_seuilnbr": "@items('Apply_to_each_2')?['dteam_seuilnbr']",
                  "item/statecode": 1
                },
                "authentication": "@parameters('$authentication')"
              }
            }
          },
          "runAfter": {
            "Apply_to_each": [
              "Succeeded"
            ]
          },
          "metadata": {
            "operationMetadataId": "8e9bf9c2-3a68-4125-a077-81537f3491cb"
          },
          "type": "Foreach"
        },
        "Respond_to_a_PowerApp_or_flow": {
          "runAfter": {
            "Ajout_d'une_News_pour_le_Compagnon": [
              "Succeeded"
            ]
          },
          "metadata": {
            "operationMetadataId": "5c34a5e1-0291-42ab-a9a8-cf8ac02e826b"
          },
          "type": "Response",
          "kind": "PowerApp",
          "inputs": {
            "statusCode": 200,
            "body": {
              "response": "OK"
            },
            "schema": {
              "type": "object",
              "properties": {
                "response": {
                  "title": "response",
                  "x-ms-dynamically-added": true,
                  "type": "string"
                }
              }
            }
          }
        },
        "Ajout_d'une_News_pour_l'Apprenant": {
          "runAfter": {
            "Initialize_variable_:_Texte_News": [
              "Succeeded"
            ]
          },
          "metadata": {
            "operationMetadataId": "64624ffa-d7c3-4b87-9ca2-9791733ecfc1"
          },
          "type": "OpenApiConnection",
          "inputs": {
            "host": {
              "connectionName": "shared_commondataserviceforapps",
              "operationId": "CreateRecord",
              "apiId": "/providers/Microsoft.PowerApps/apis/shared_commondataserviceforapps"
            },
            "parameters": {
              "entityName": "dteam_newses",
              "item/dteam_name": "Carnet clôturé !",
              "item/dteam_affichagebool": true,
              "item/dteam_carnetId@odata.bind": "dteam_carnets(@{outputs('Cloture_du_Carnet')?['body/dteam_carnetid']})",
              "item/dteam_destinataireId@odata.bind": "systemusers(@{outputs('Cloture_du_Carnet')?['body/_dteam_apprenantid_value']})",
              "item/ownerid@odata.bind": "systemusers(@{outputs('Cloture_du_Carnet')?['body/_dteam_apprenantid_value']})",
              "item/dteam_textemlt": "@variables('Texte_News')",
              "item/dteam_typechoice": 402730005
            },
            "authentication": "@parameters('$authentication')"
          }
        },
        "Récupération_des_référents": {
          "runAfter": {
            "Apply_to_each_2": [
              "Succeeded"
            ]
          },
          "metadata": {
            "operationMetadataId": "ddb6d485-b469-45f3-baf7-0202c658aba9"
          },
          "type": "OpenApiConnection",
          "inputs": {
            "host": {
              "connectionName": "shared_commondataserviceforapps",
              "operationId": "ListRecords",
              "apiId": "/providers/Microsoft.PowerApps/apis/shared_commondataserviceforapps"
            },
            "parameters": {
              "entityName": "systemuserrolescollection",
              "$filter": "(roleid eq c7611869-17b4-ed11-83ff-0022489fd3f7)"
            },
            "authentication": "@parameters('$authentication')"
          }
        },
        "Apply_to_each_3": {
          "foreach": "@outputs('Récupération_des_référents')?['body/value']",
          "actions": {
            "Ajout_d'une_News_pour_les_référents": {
              "runAfter": {},
              "metadata": {
                "operationMetadataId": "f898d2cc-8870-4133-8cdd-0e512a8c0714"
              },
              "type": "OpenApiConnection",
              "inputs": {
                "host": {
                  "connectionName": "shared_commondataserviceforapps",
                  "operationId": "CreateRecord",
                  "apiId": "/providers/Microsoft.PowerApps/apis/shared_commondataserviceforapps"
                },
                "parameters": {
                  "entityName": "dteam_newses",
                  "item/dteam_name": "Carnet clôturé !",
                  "item/dteam_affichagebool": true,
                  "item/dteam_carnetId@odata.bind": "dteam_carnets(@{outputs('Cloture_du_Carnet')?['body/dteam_carnetid']})",
                  "item/dteam_destinataireId@odata.bind": "systemusers(@{items('Apply_to_each_3')?['systemuserid']})",
                  "item/ownerid@odata.bind": "systemusers(@{items('Apply_to_each_3')?['systemuserid']})",
                  "item/dteam_textemlt": "@variables('Texte_News')",
                  "item/dteam_typechoice": 402730005
                },
                "authentication": "@parameters('$authentication')"
              }
            }
          },
          "runAfter": {
            "Récupération_des_référents": [
              "Succeeded"
            ]
          },
          "metadata": {
            "operationMetadataId": "4f33a4d7-a6f7-4c6a-a015-c6a259d96300"
          },
          "type": "Foreach"
        },
        "Ajout_d'une_News_pour_le_Compagnon": {
          "runAfter": {
            "Ajout_d'une_News_pour_l'Apprenant": [
              "Succeeded"
            ]
          },
          "metadata": {
            "operationMetadataId": "64624ffa-d7c3-4b87-9ca2-9791733ecfc1"
          },
          "type": "OpenApiConnection",
          "inputs": {
            "host": {
              "connectionName": "shared_commondataserviceforapps",
              "operationId": "CreateRecord",
              "apiId": "/providers/Microsoft.PowerApps/apis/shared_commondataserviceforapps"
            },
            "parameters": {
              "entityName": "dteam_newses",
              "item/dteam_name": "Carnet clôturé !",
              "item/dteam_affichagebool": true,
              "item/dteam_carnetId@odata.bind": "dteam_carnets(@{outputs('Cloture_du_Carnet')?['body/dteam_carnetid']})",
              "item/dteam_destinataireId@odata.bind": "systemusers(@{outputs('Cloture_du_Carnet')?['body/_dteam_compagnonid_value']})",
              "item/ownerid@odata.bind": "systemusers(@{outputs('Cloture_du_Carnet')?['body/_dteam_compagnonid_value']})",
              "item/dteam_textemlt": "@variables('Texte_News')",
              "item/dteam_typechoice": 402730005
            },
            "authentication": "@parameters('$authentication')"
          }
        },
        "Initialize_variable_:_Texte_News": {
          "runAfter": {
            "Construction_du_texte_de_la_News": [
              "Succeeded"
            ]
          },
          "metadata": {
            "operationMetadataId": "f19ceb33-65a2-4609-83e3-e5855eac664e"
          },
          "type": "InitializeVariable",
          "inputs": {
            "variables": [
              {
                "name": "Texte_News",
                "type": "string",
                "value": "Le carnet de @{outputs('Get_a_row_by_ID_:_Récupération_de_l''apprennant')?['body/fullname']} pour l'emploi @{outputs('Get_a_row_by_ID_:_Récupération_de_l''emploi')?['body/dteam_name']} et été clôturé."
              }
            ]
          }
        },
        "Construction_du_texte_de_la_News": {
          "actions": {
            "Get_a_row_by_ID_:_Récupération_de_l'apprennant": {
              "runAfter": {},
              "metadata": {
                "operationMetadataId": "3c882d37-2425-4dd4-95a4-9846f07b9c38"
              },
              "type": "OpenApiConnection",
              "inputs": {
                "host": {
                  "connectionName": "shared_commondataserviceforapps",
                  "operationId": "GetItem",
                  "apiId": "/providers/Microsoft.PowerApps/apis/shared_commondataserviceforapps"
                },
                "parameters": {
                  "entityName": "systemusers",
                  "recordId": "@outputs('Recuperation_du_carnet_a_cloturer')?['body/_dteam_apprenantid_value']"
                },
                "authentication": "@parameters('$authentication')"
              }
            },
            "Get_a_row_by_ID_:_Récupération_de_l'emploi": {
              "runAfter": {
                "Get_a_row_by_ID_:_Récupération_de_l'apprennant": [
                  "Succeeded"
                ]
              },
              "metadata": {
                "operationMetadataId": "2ff8420c-d553-4823-9726-37b2a71dd7f9"
              },
              "type": "OpenApiConnection",
              "inputs": {
                "host": {
                  "connectionName": "shared_commondataserviceforapps",
                  "operationId": "GetItem",
                  "apiId": "/providers/Microsoft.PowerApps/apis/shared_commondataserviceforapps"
                },
                "parameters": {
                  "entityName": "dteam_emplois",
                  "recordId": "@outputs('Recuperation_du_carnet_a_cloturer')?['body/_dteam_emploiid_value']"
                },
                "authentication": "@parameters('$authentication')"
              }
            }
          },
          "runAfter": {
            "Cloture_du_Carnet": [
              "Succeeded"
            ]
          },
          "metadata": {
            "operationMetadataId": "c3ce2028-ae13-4c66-8638-7116ca7c519b"
          },
          "type": "Scope"
        }
      }
    },
    "templateName": ""
  },
  "schemaVersion": "1.0.0.0"
}