{
  "properties": {
    "connectionReferences": {
      "shared_dataflows": {
        "runtimeSource": "embedded",
        "connection": {
          "connectionReferenceLogicalName": "dteam_shareddataflows_4dd30"
        },
        "api": {
          "name": "shared_dataflows"
        }
      },
      "shared_commondataserviceforapps": {
        "runtimeSource": "embedded",
        "connection": {
          "connectionReferenceLogicalName": "dteam_sharedcommondataserviceforapps_11ec0"
        },
        "api": {
          "name": "shared_commondataserviceforapps"
        }
      }
    },
    "definition": {
      "$schema": "https://schema.management.azure.com/providers/Microsoft.Logic/schemas/2016-06-01/workflowdefinition.json#",
      "contentVersion": "1.0.0.0",
      "parameters": {
        "$authentication": {
          "defaultValue": {},
          "type": "SecureObject"
        },
        "$connections": {
          "defaultValue": {},
          "type": "Object"
        },
        "BU_Mere (dteam_BU_Mere)": {
          "defaultValue": "7dfd30b5-ceae-ed11-aad0-0022489fd3f7",
          "type": "String",
          "metadata": {
            "schemaName": "dteam_BU_Mere"
          }
        },
        "Habilitations_Batch_Size (dteam_Habilitations_Batch_Size)": {
          "defaultValue": 50,
          "type": "Int",
          "metadata": {
            "schemaName": "dteam_Habilitations_Batch_Size"
          }
        },
        "Environnement_ID (dteam_Environnement_ID)": {
          "defaultValue": "551fdcb7-420f-e57c-96d5-ba2707d19e4b",
          "type": "String",
          "metadata": {
            "schemaName": "dteam_Environnement_ID"
          }
        },
        "Dataflow_GUID (dteam_Dataflow_GUID)": {
          "defaultValue": "c9ffaab7-c622-43dc-8d03-c060b82d1a74",
          "type": "String",
          "metadata": {
            "schemaName": "dteam_Dataflow_GUID",
            "description": "GUID du dataflow de gestion des habilitations"
          }
        }
      },
      "triggers": {
        "When_a_dataflow_refresh_completes": {
          "recurrence": {
            "frequency": "Minute",
            "interval": 1
          },
          "metadata": {
            "operationMetadataId": "40cd768d-5a56-4c68-b5c2-fef471e25f75"
          },
          "type": "OpenApiConnection",
          "inputs": {
            "parameters": {
              "workspaceType": "Environment",
              "groupIdForOnRefreshComplete": "@{parameters('Environnement_ID (dteam_Environnement_ID)')}-31c688f59-europe",
              "dataflowIdForOnRefreshComplete": "@parameters('Dataflow_GUID (dteam_Dataflow_GUID)')"
            },
            "host": {
              "apiId": "/providers/Microsoft.PowerApps/apis/shared_dataflows",
              "operationId": "OnRefreshComplete",
              "connectionName": "shared_dataflows"
            }
          }
        }
      },
      "actions": {
        "List_rows": {
          "runAfter": {
            "Add_a_new_row": [
              "Succeeded"
            ]
          },
          "metadata": {
            "operationMetadataId": "0261d3a5-e672-4a0a-a704-290bc6304e3d"
          },
          "type": "OpenApiConnection",
          "inputs": {
            "parameters": {
              "entityName": "dteam_demandedhabilitations",
              "$filter": "(statuscode eq 1)",
              "$orderby": "createdon asc",
              "$top": "@parameters('Habilitations_Batch_Size (dteam_Habilitations_Batch_Size)')"
            },
            "host": {
              "apiId": "/providers/Microsoft.PowerApps/apis/shared_commondataserviceforapps",
              "operationId": "ListRecords",
              "connectionName": "shared_commondataserviceforapps"
            }
          }
        },
        "Apply_to_each": {
          "foreach": "@outputs('List_rows')?['body/value']",
          "actions": {
            "Update_a_row": {
              "metadata": {
                "operationMetadataId": "2a75a6cf-0ffe-4ffd-a7e0-21c1172934fd"
              },
              "type": "OpenApiConnection",
              "inputs": {
                "parameters": {
                  "entityName": "dteam_demandedhabilitations",
                  "recordId": "@items('Apply_to_each')?['dteam_demandedhabilitationid']",
                  "item/dteam_nom": "@items('Apply_to_each')?['dteam_nom']",
                  "item/dteam_mailagenttxt": "@items('Apply_to_each')?['dteam_mailagenttxt']",
                  "item/dteam_mailmanagertxt": "@items('Apply_to_each')?['dteam_mailmanagertxt']",
                  "item/dteam_nniagenttxt": "@items('Apply_to_each')?['dteam_nniagenttxt']",
                  "item/dteam_nnimanagertxt": "@items('Apply_to_each')?['dteam_nnimanagertxt']",
                  "item/dteam_nombusinessunittxt": "@items('Apply_to_each')?['dteam_nombusinessunittxt']",
                  "item/dteam_Packagededemandesdhabilitat@odata.bind": "dteam_packagededemandesdhabilitations(@{outputs('Add_a_new_row')?['body/dteam_packagededemandesdhabilitationid']})",
                  "item/statuscode": "@items('Apply_to_each')?['statuscode']",
                  "item/statecode": "@items('Apply_to_each')?['statecode']"
                },
                "host": {
                  "apiId": "/providers/Microsoft.PowerApps/apis/shared_commondataserviceforapps",
                  "operationId": "UpdateRecord",
                  "connectionName": "shared_commondataserviceforapps"
                }
              }
            },
            "Run_a_Child_Flow": {
              "runAfter": {
                "Update_a_row": [
                  "Succeeded"
                ]
              },
              "metadata": {
                "operationMetadataId": "e9580dbc-9748-4300-af1f-6917140ea77f"
              },
              "type": "Workflow",
              "inputs": {
                "host": {
                  "workflowReferenceName": "d553dd5b-c311-ee11-8f6d-0022489fd623"
                },
                "body": {
                  "text": "@items('Apply_to_each')?['dteam_demandedhabilitationid']",
                  "text_1": "@parameters('BU_Mere (dteam_BU_Mere)')"
                }
              }
            }
          },
          "runAfter": {
            "List_rows": [
              "Succeeded"
            ]
          },
          "metadata": {
            "operationMetadataId": "7b182a9d-7a4a-44de-984b-2aea7e63702e"
          },
          "type": "Foreach",
          "runtimeConfiguration": {
            "concurrency": {
              "repetitions": 50
            }
          }
        },
        "Add_a_new_row": {
          "runAfter": {},
          "metadata": {
            "operationMetadataId": "bf692e8e-73f7-4350-b95a-2cca956e4797"
          },
          "type": "OpenApiConnection",
          "inputs": {
            "parameters": {
              "entityName": "dteam_packagededemandesdhabilitations",
              "item/dteam_name": "Package_@{formatDateTime(utcNow(), 'ddMMyyyy')}"
            },
            "host": {
              "apiId": "/providers/Microsoft.PowerApps/apis/shared_commondataserviceforapps",
              "operationId": "CreateRecord",
              "connectionName": "shared_commondataserviceforapps"
            }
          }
        },
        "Run_a_Child_Flow_-_Habilitations_Cleanup": {
          "runAfter": {
            "Apply_to_each": [
              "Succeeded"
            ]
          },
          "type": "Workflow",
          "inputs": {
            "host": {
              "workflowReferenceName": "b7d17b09-af24-ee11-9cbc-0022489fd3f7"
            }
          }
        }
      }
    },
    "templateName": null
  },
  "schemaVersion": "1.0.0.0"
}