{
  "properties": {
    "connectionReferences": {
      "shared_commondataserviceforapps": {
        "impersonation": {},
        "runtimeSource": "embedded",
        "connection": {
          "connectionReferenceLogicalName": "dteam_sharedcommondataserviceforapps_11ec0"
        },
        "api": {
          "name": "shared_commondataserviceforapps"
        }
      },
      "shared_office365groups": {
        "runtimeSource": "embedded",
        "connection": {
          "connectionReferenceLogicalName": "dteam_sharedoffice365groups_9b0e7"
        },
        "api": {
          "name": "shared_office365groups"
        }
      }
    },
    "definition": {
      "$schema": "https://schema.management.azure.com/providers/Microsoft.Logic/schemas/2016-06-01/workflowdefinition.json#",
      "contentVersion": "1.0.0.0",
      "parameters": {
        "$connections": {
          "defaultValue": {},
          "type": "Object"
        },
        "$authentication": {
          "defaultValue": {},
          "type": "SecureObject"
        },
        "Habilitations_Batch_Size (dteam_Habilitations_Batch_Size)": {
          "defaultValue": 50,
          "type": "Int",
          "metadata": {
            "schemaName": "dteam_Habilitations_Batch_Size"
          }
        },
        "O365_Group_GUID (dteam_O365_Group_GUID)": {
          "defaultValue": "d5ecf443-4dd5-4604-8019-bcfcfe4b43c6",
          "type": "String",
          "metadata": {
            "schemaName": "dteam_O365_Group_GUID"
          }
        }
      },
      "triggers": {
        "manual": {
          "metadata": {
            "operationMetadataId": "c019e199-556e-429e-b587-9a43d0166d84"
          },
          "type": "Request",
          "kind": "Button",
          "inputs": {
            "schema": {
              "type": "object",
              "properties": {},
              "required": []
            }
          }
        }
      },
      "actions": {
        "Respond_to_a_PowerApp_or_flow": {
          "runAfter": {
            "Apply_to_each": [
              "Succeeded"
            ]
          },
          "metadata": {
            "operationMetadataId": "19e7bcbe-bafc-41fc-afa3-17a328316748"
          },
          "type": "Response",
          "kind": "PowerApp",
          "inputs": {
            "statusCode": 200,
            "body": {
              "result": "OK"
            },
            "schema": {
              "type": "object",
              "properties": {
                "result": {
                  "title": "Result",
                  "x-ms-dynamically-added": true,
                  "type": "string"
                }
              }
            }
          }
        },
        "List_rows_-_Récupération_des_demandes_de_suppressions_d'habilitations_actives": {
          "runAfter": {
            "Add_a_new_row_-_Ajout_d'un_nouveau_Package_de_suppressions_d'habilitations": [
              "Succeeded"
            ]
          },
          "metadata": {
            "operationMetadataId": "8c2fd795-cf32-4e24-8fea-4c878c153d25"
          },
          "type": "OpenApiConnection",
          "inputs": {
            "host": {
              "apiId": "/providers/Microsoft.PowerApps/apis/shared_commondataserviceforapps",
              "connectionName": "shared_commondataserviceforapps",
              "operationId": "ListRecords"
            },
            "parameters": {
              "entityName": "dteam_demandesuppressionhabilitations",
              "$orderby": "createdon asc",
              "$top": "@parameters('Habilitations_Batch_Size (dteam_Habilitations_Batch_Size)')"
            },
            "authentication": "@parameters('$authentication')"
          }
        },
        "Add_a_new_row_-_Ajout_d'un_nouveau_Package_de_suppressions_d'habilitations": {
          "runAfter": {},
          "metadata": {
            "operationMetadataId": "c7260cef-15be-4fef-af45-64988f2717c2"
          },
          "type": "OpenApiConnection",
          "inputs": {
            "host": {
              "apiId": "/providers/Microsoft.PowerApps/apis/shared_commondataserviceforapps",
              "connectionName": "shared_commondataserviceforapps",
              "operationId": "CreateRecord"
            },
            "parameters": {
              "entityName": "dteam_packagededemandesdesuppressionsdhabilitations",
              "item/dteam_name": "Package_@{formatDateTime(utcNow(), 'ddMMyyyy')}"
            },
            "authentication": "@parameters('$authentication')"
          }
        },
        "Apply_to_each": {
          "foreach": "@outputs('List_rows_-_Récupération_des_demandes_de_suppressions_d''habilitations_actives')?['body/value']",
          "actions": {
            "Update_a_row_-_Passage_de_la_demande_a_inactif": {
              "runAfter": {
                "Add_a_new_row_-_Ajout_de_logs_d'erreur": [
                  "Skipped",
                  "Succeeded",
                  "Failed"
                ]
              },
              "metadata": {
                "operationMetadataId": "a97738c0-995b-4fae-82a6-7f5a619ffaf5"
              },
              "type": "OpenApiConnection",
              "inputs": {
                "host": {
                  "apiId": "/providers/Microsoft.PowerApps/apis/shared_commondataserviceforapps",
                  "connectionName": "shared_commondataserviceforapps",
                  "operationId": "UpdateRecord"
                },
                "parameters": {
                  "entityName": "dteam_demandesuppressionhabilitations",
                  "recordId": "@items('Apply_to_each')?['dteam_demandesuppressionhabilitationid']",
                  "item/statecode": 1
                },
                "authentication": "@parameters('$authentication')"
              }
            },
            "Add_a_new_row_-_Ajout_de_logs_de_suppression_d'habilitation": {
              "runAfter": {},
              "metadata": {
                "operationMetadataId": "02b0b044-0038-4077-9722-0a185f88a255"
              },
              "type": "OpenApiConnection",
              "inputs": {
                "host": {
                  "apiId": "/providers/Microsoft.PowerApps/apis/shared_commondataserviceforapps",
                  "connectionName": "shared_commondataserviceforapps",
                  "operationId": "CreateRecord"
                },
                "parameters": {
                  "entityName": "dteam_logsdesuppressiondhabilitations",
                  "item/dteam_name": "Suppression de l'utilisateur du groupe O365 de l'environnement",
                  "item/dteam_demandedesuppressiondhabilitationId@odata.bind": "dteam_demandesuppressionhabilitations(@{items('Apply_to_each')?['dteam_demandesuppressionhabilitationid']})"
                },
                "authentication": "@parameters('$authentication')"
              }
            },
            "Remove_member_from_group_-_Retirer_l'utilisateur_du_groupe": {
              "runAfter": {
                "Update_a_row_-_Rattachement_de_la_demande_au_package": [
                  "Succeeded"
                ]
              },
              "metadata": {
                "operationMetadataId": "0cd2867f-4338-4d3b-a810-616b44eb1c74"
              },
              "type": "OpenApiConnection",
              "inputs": {
                "host": {
                  "apiId": "/providers/Microsoft.PowerApps/apis/shared_office365groups",
                  "connectionName": "shared_office365groups",
                  "operationId": "RemoveMemberFromGroup"
                },
                "parameters": {
                  "groupId": "@parameters('O365_Group_GUID (dteam_O365_Group_GUID)')",
                  "userUpn": "@items('Apply_to_each')?['dteam_emailtxt']"
                },
                "authentication": {
                  "value": "@json(decodeBase64(triggerOutputs().headers['X-MS-APIM-Tokens']))['$ConnectionKey']",
                  "type": "Raw"
                }
              }
            },
            "Add_a_new_row_-_Ajout_de_logs_d'erreur": {
              "runAfter": {
                "Remove_member_from_group_-_Retirer_l'utilisateur_du_groupe": [
                  "Failed",
                  "TimedOut"
                ]
              },
              "metadata": {
                "operationMetadataId": "e11a61aa-5828-461e-872e-5ab1654df436"
              },
              "type": "OpenApiConnection",
              "inputs": {
                "host": {
                  "apiId": "/providers/Microsoft.PowerApps/apis/shared_commondataserviceforapps",
                  "connectionName": "shared_commondataserviceforapps",
                  "operationId": "CreateRecord"
                },
                "parameters": {
                  "entityName": "dteam_logsdesuppressiondhabilitations",
                  "item/dteam_name": "Une erreur est survenue lors de la suppression de l'utilisateur du groupe M365"
                },
                "authentication": "@parameters('$authentication')"
              }
            },
            "Update_a_row_-_Rattachement_de_la_demande_au_package": {
              "runAfter": {
                "Add_a_new_row_-_Ajout_de_logs_de_suppression_d'habilitation": [
                  "Succeeded"
                ]
              },
              "metadata": {
                "operationMetadataId": "6772c14b-dd1a-4f15-ad48-24f84b86002d"
              },
              "type": "OpenApiConnection",
              "inputs": {
                "host": {
                  "apiId": "/providers/Microsoft.PowerApps/apis/shared_commondataserviceforapps",
                  "connectionName": "shared_commondataserviceforapps",
                  "operationId": "UpdateRecord"
                },
                "parameters": {
                  "entityName": "dteam_demandesuppressionhabilitations",
                  "recordId": "@items('Apply_to_each')?['dteam_demandesuppressionhabilitationid']",
                  "item/dteam_Packagededemandedesuppressiondeshabilitation@odata.bind": "dteam_packagededemandesdesuppressionsdhabilitations(@{outputs('Add_a_new_row_-_Ajout_d''un_nouveau_Package_de_suppressions_d''habilitations')?['body/dteam_packagededemandesdesuppressionsdhabilitationid']})"
                },
                "authentication": "@parameters('$authentication')"
              }
            },
            "Add_a_new_row_-_Ajout_de_logs_de_suppression_d'habilitation_Succes": {
              "runAfter": {
                "Update_a_row_-_Passage_de_la_demande_a_inactif": [
                  "Succeeded"
                ]
              },
              "metadata": {
                "operationMetadataId": "02b0b044-0038-4077-9722-0a185f88a255"
              },
              "type": "OpenApiConnection",
              "inputs": {
                "host": {
                  "apiId": "/providers/Microsoft.PowerApps/apis/shared_commondataserviceforapps",
                  "connectionName": "shared_commondataserviceforapps",
                  "operationId": "CreateRecord"
                },
                "parameters": {
                  "entityName": "dteam_logsdesuppressiondhabilitations",
                  "item/dteam_name": "Suppression de l'utilisateur du groupe O365 de l'environnement : Succès",
                  "item/dteam_demandedesuppressiondhabilitationId@odata.bind": "dteam_demandesuppressionhabilitations(@{items('Apply_to_each')?['dteam_demandesuppressionhabilitationid']})"
                },
                "authentication": "@parameters('$authentication')"
              }
            }
          },
          "runAfter": {
            "List_rows_-_Récupération_des_demandes_de_suppressions_d'habilitations_actives": [
              "Succeeded"
            ]
          },
          "metadata": {
            "operationMetadataId": "bc881d3c-be80-4719-b509-ddc94bdf9d29"
          },
          "type": "Foreach"
        }
      }
    },
    "templateName": null
  },
  "schemaVersion": "1.0.0.0"
}