{
  "properties": {
    "connectionReferences": {
      "shared_commondataserviceforapps": {
        "runtimeSource": "embedded",
        "connection": {
          "connectionReferenceLogicalName": "dteam_sharedcommondataserviceforapps_11ec0"
        },
        "api": {
          "name": "shared_commondataserviceforapps"
        }
      }
    },
    "definition": {
      "$schema": "https://schema.management.azure.com/providers/Microsoft.Logic/schemas/2016-06-01/workflowdefinition.json#",
      "contentVersion": "undefined",
      "parameters": {
        "$connections": {
          "defaultValue": {},
          "type": "Object"
        },
        "$authentication": {
          "defaultValue": {},
          "type": "SecureObject"
        }
      },
      "triggers": {
        "manual": {
          "metadata": {
            "operationMetadataId": "8489a3bc-9eed-4f7a-bb95-0894a5ea971e"
          },
          "type": "Request",
          "kind": "Button",
          "inputs": {
            "schema": {
              "type": "object",
              "properties": {},
              "required": []
            }
          }
        }
      },
      "actions": {
        "List_rows_-_Récupération_des_carnets": {
          "runAfter": {},
          "metadata": {
            "operationMetadataId": "a95d60b0-89e2-4c06-a71a-04e4cb9b1b25"
          },
          "type": "OpenApiConnection",
          "inputs": {
            "host": {
              "connectionName": "shared_commondataserviceforapps",
              "operationId": "ListRecords",
              "apiId": "/providers/Microsoft.PowerApps/apis/shared_commondataserviceforapps"
            },
            "parameters": {
              "entityName": "dteam_carnets"
            },
            "authentication": {
              "type": "Raw",
              "value": "@json(decodeBase64(triggerOutputs().headers['X-MS-APIM-Tokens']))['$ConnectionKey']"
            }
          }
        },
        "Ajout_des_compagnons_dans_le_groupe_de_sécurité_des_compagnons": {
          "foreach": "@outputs('List_rows_-_Récupération_des_carnets')?['body/value']",
          "actions": {
            "Get_a_row_by_ID_-_Récupération_du_compagnon_du_carnet": {
              "runAfter": {},
              "metadata": {
                "operationMetadataId": "0c47f001-8f2c-4efc-9456-ed3e209167c9"
              },
              "type": "OpenApiConnection",
              "inputs": {
                "host": {
                  "connectionName": "shared_commondataserviceforapps",
                  "operationId": "GetItem",
                  "apiId": "/providers/Microsoft.PowerApps/apis/shared_commondataserviceforapps"
                },
                "parameters": {
                  "entityName": "systemusers",
                  "recordId": "@items('Ajout_des_compagnons_dans_le_groupe_de_sécurité_des_compagnons')?['_dteam_compagnonid_value']"
                },
                "authentication": {
                  "type": "Raw",
                  "value": "@json(decodeBase64(triggerOutputs().headers['X-MS-APIM-Tokens']))['$ConnectionKey']"
                }
              }
            },
            "List_rows_-_Récupération_du_rôle_de_sécurité_Compagnon_de_la_BU": {
              "runAfter": {
                "Get_a_row_by_ID_-_Récupération_du_compagnon_du_carnet": [
                  "Succeeded"
                ]
              },
              "metadata": {
                "operationMetadataId": "cde7d8f3-56ff-4f4c-bdbc-d019d0908629"
              },
              "type": "OpenApiConnection",
              "inputs": {
                "host": {
                  "connectionName": "shared_commondataserviceforapps",
                  "operationId": "ListRecords",
                  "apiId": "/providers/Microsoft.PowerApps/apis/shared_commondataserviceforapps"
                },
                "parameters": {
                  "entityName": "roles",
                  "$filter": "(name eq '[DTEAM-CC]Compagnon') and (_businessunitid_value eq @{outputs('Get_a_row_by_ID_-_Récupération_du_compagnon_du_carnet')?['body/_businessunitid_value']})"
                },
                "authentication": {
                  "type": "Raw",
                  "value": "@json(decodeBase64(triggerOutputs().headers['X-MS-APIM-Tokens']))['$ConnectionKey']"
                }
              }
            },
            "Relate_rows_-_Ajout_du_rôle_de_sécurité_au_compagnon": {
              "runAfter": {
                "List_rows_-_Récupération_du_rôle_de_sécurité_Compagnon_de_la_BU": [
                  "Succeeded"
                ]
              },
              "metadata": {
                "operationMetadataId": "30ed898b-bb00-498a-a8ef-26c5db92c957"
              },
              "type": "OpenApiConnection",
              "inputs": {
                "host": {
                  "connectionName": "shared_commondataserviceforapps",
                  "operationId": "AssociateEntities",
                  "apiId": "/providers/Microsoft.PowerApps/apis/shared_commondataserviceforapps"
                },
                "parameters": {
                  "entityName": "systemusers",
                  "recordId": "@outputs('Get_a_row_by_ID_-_Récupération_du_compagnon_du_carnet')?['body/systemuserid']",
                  "associationEntityRelationship": "systemuserroles_association",
                  "item/@odata.id": "@first(body('List_rows_-_Récupération_du_rôle_de_sécurité_Compagnon_de_la_BU')?['value'])?['@odata.id']\r\n"
                },
                "authentication": {
                  "type": "Raw",
                  "value": "@json(decodeBase64(triggerOutputs().headers['X-MS-APIM-Tokens']))['$ConnectionKey']"
                }
              }
            }
          },
          "runAfter": {
            "List_rows_-_Récupération_des_carnets": [
              "Succeeded"
            ]
          },
          "metadata": {
            "operationMetadataId": "57140dde-22f0-4938-9ba3-695f0f5c636b"
          },
          "type": "Foreach"
        },
        "Terminate_-_Fin_du_flux": {
          "runAfter": {
            "Ajout_des_compagnons_dans_le_groupe_de_sécurité_des_compagnons": [
              "Succeeded"
            ]
          },
          "metadata": {
            "operationMetadataId": "c19cd491-5993-493a-a20e-e8d6eebf6d0b"
          },
          "type": "Terminate",
          "inputs": {
            "runStatus": "Succeeded"
          }
        }
      }
    },
    "templateName": ""
  },
  "schemaVersion": "1.0.0.0"
}