{
  "properties": {
    "connectionReferences": {
      "shared_office365users": {
        "runtimeSource": "embedded",
        "connection": {
          "connectionReferenceLogicalName": "dteam_sharedoffice365users_ca7fa"
        },
        "api": {
          "name": "shared_office365users"
        }
      },
      "shared_commondataserviceforapps": {
        "runtimeSource": "embedded",
        "connection": {
          "connectionReferenceLogicalName": "dteam_sharedcommondataserviceforapps_11ec0"
        },
        "api": {
          "name": "shared_commondataserviceforapps"
        }
      },
      "shared_office365groups": {
        "runtimeSource": "embedded",
        "connection": {
          "connectionReferenceLogicalName": "dteam_sharedoffice365groups_9b0e7"
        },
        "api": {
          "name": "shared_office365groups"
        }
      },
      "shared_powerplatformforadmins": {
        "runtimeSource": "embedded",
        "connection": {
          "connectionReferenceLogicalName": "dteam_sharedpowerplatformforadmins_a563b"
        },
        "api": {
          "name": "shared_powerplatformforadmins"
        }
      }
    },
    "definition": {
      "$schema": "https://schema.management.azure.com/providers/Microsoft.Logic/schemas/2016-06-01/workflowdefinition.json#",
      "contentVersion": "1.0.0.0",
      "parameters": {
        "$connections": {
          "defaultValue": {},
          "type": "Object"
        },
        "$authentication": {
          "defaultValue": {},
          "type": "SecureObject"
        },
        "O365_Group_GUID (dteam_O365_Group_GUID)": {
          "defaultValue": "9d33df75-3564-4ad1-aca5-71eeff2bbde9",
          "type": "String",
          "metadata": {
            "schemaName": "dteam_O365_Group_GUID"
          }
        },
        "Environnement_ID (dteam_Environnement_ID)": {
          "defaultValue": "4529c927-18c3-efc2-8ef6-d09f341a7556",
          "type": "String",
          "metadata": {
            "schemaName": "dteam_Environnement_ID"
          }
        }
      },
      "triggers": {
        "manual": {
          "metadata": {
            "operationMetadataId": "aeba5e44-180d-43f3-af9e-0911de9a3ad9"
          },
          "type": "Request",
          "kind": "Button",
          "inputs": {
            "schema": {
              "type": "object",
              "properties": {
                "text": {
                  "title": "Demande d'habilitation GUID",
                  "type": "string",
                  "x-ms-dynamically-added": true,
                  "description": "Demande d'habilitation GUID",
                  "x-ms-content-hint": "TEXT"
                },
                "text_1": {
                  "title": "BU Mère GUID",
                  "type": "string",
                  "x-ms-dynamically-added": true,
                  "description": "BU Mère GUID",
                  "x-ms-content-hint": "TEXT"
                }
              },
              "required": [
                "text",
                "text_1"
              ]
            }
          }
        }
      },
      "actions": {
        "Ajout_de_l'utilisateur_à_la_BU": {
          "actions": {
            "Get_user_profile_(V2)": {
              "runAfter": {},
              "metadata": {
                "operationMetadataId": "0f51d370-8c5a-4479-bd10-5b0b79a245ec"
              },
              "type": "OpenApiConnection",
              "inputs": {
                "host": {
                  "connectionName": "shared_office365users",
                  "operationId": "UserProfile_V2",
                  "apiId": "/providers/Microsoft.PowerApps/apis/shared_office365users"
                },
                "parameters": {
                  "id": "@outputs('Get_a_row_by_ID')?['body/dteam_mailagenttxt']"
                },
                "authentication": {
                  "type": "Raw",
                  "value": "@json(decodeBase64(triggerOutputs().headers['X-MS-APIM-Tokens']))['$ConnectionKey']"
                }
              }
            },
            "List_rows": {
              "runAfter": {
                "Get_user_profile_(V2)": [
                  "Succeeded"
                ]
              },
              "metadata": {
                "operationMetadataId": "c25cf7ad-bd4b-4e45-b035-367de2cc93b9"
              },
              "type": "OpenApiConnection",
              "inputs": {
                "host": {
                  "connectionName": "shared_commondataserviceforapps",
                  "operationId": "ListRecords",
                  "apiId": "/providers/Microsoft.PowerApps/apis/shared_commondataserviceforapps"
                },
                "parameters": {
                  "entityName": "systemusers",
                  "$filter": "(internalemailaddress eq '@{outputs('Get_a_row_by_ID')?['body/dteam_mailagenttxt']}') and (isdisabled eq false)"
                },
                "authentication": {
                  "type": "Raw",
                  "value": "@json(decodeBase64(triggerOutputs().headers['X-MS-APIM-Tokens']))['$ConnectionKey']"
                }
              }
            },
            "Utilisateur_non_présent_dans_le_tenant_O365": {
              "actions": {
                "Add_a_new_row": {
                  "runAfter": {},
                  "metadata": {
                    "operationMetadataId": "becf1d5c-6732-4d16-acf7-371d16c645ed"
                  },
                  "type": "OpenApiConnection",
                  "inputs": {
                    "host": {
                      "connectionName": "shared_commondataserviceforapps",
                      "operationId": "CreateRecord",
                      "apiId": "/providers/Microsoft.PowerApps/apis/shared_commondataserviceforapps"
                    },
                    "parameters": {
                      "entityName": "dteam_logsdhabilitationses",
                      "item/dteam_name": "L'Utilisateur @{outputs('Passage_de_la_Demande_à_en_cours')?['body/dteam_mailagenttxt']} n'a pas été trouvé dans O365",
                      "item/dteam_demandedhabilitationId@odata.bind": "/dteam_demandedhabilitations(@{outputs('Get_a_row_by_ID')?['body/dteam_demandedhabilitationid']})"
                    },
                    "authentication": {
                      "type": "Raw",
                      "value": "@json(decodeBase64(triggerOutputs().headers['X-MS-APIM-Tokens']))['$ConnectionKey']"
                    }
                  }
                },
                "Terminate": {
                  "runAfter": {
                    "Respond_to_a_PowerApp_or_flow_3": [
                      "Succeeded"
                    ]
                  },
                  "metadata": {
                    "operationMetadataId": "74253e08-1fc1-4c95-8fac-d99ba266cdbe"
                  },
                  "type": "Terminate",
                  "inputs": {
                    "runStatus": "Succeeded"
                  }
                },
                "Respond_to_a_PowerApp_or_flow_3": {
                  "runAfter": {
                    "Passage_de_la_Demande_à_Terminé_:_Erreur": [
                      "Succeeded"
                    ]
                  },
                  "metadata": {
                    "operationMetadataId": "d2cd71fd-3620-4705-9e03-2bef620c6526"
                  },
                  "type": "Response",
                  "kind": "PowerApp",
                  "inputs": {
                    "statusCode": 200,
                    "body": {
                      "status": "Error"
                    },
                    "schema": {
                      "type": "object",
                      "properties": {
                        "status": {
                          "title": "Status",
                          "x-ms-dynamically-added": true,
                          "type": "string"
                        }
                      }
                    }
                  }
                },
                "Passage_de_la_Demande_à_Terminé_:_Erreur": {
                  "runAfter": {
                    "Add_a_new_row": [
                      "Succeeded"
                    ]
                  },
                  "metadata": {
                    "operationMetadataId": "e537c363-d035-4a3b-93c2-d0525a98fc44"
                  },
                  "type": "OpenApiConnection",
                  "inputs": {
                    "host": {
                      "connectionName": "shared_commondataserviceforapps",
                      "operationId": "UpdateRecord",
                      "apiId": "/providers/Microsoft.PowerApps/apis/shared_commondataserviceforapps"
                    },
                    "parameters": {
                      "entityName": "dteam_demandedhabilitations",
                      "recordId": "@outputs('Get_a_row_by_ID')?['body/dteam_demandedhabilitationid']",
                      "item/dteam_nom": "@outputs('Get_a_row_by_ID')?['body/dteam_nom']",
                      "item/dteam_mailagenttxt": "@outputs('Get_a_row_by_ID')?['body/dteam_mailagenttxt']",
                      "item/dteam_mailmanagertxt": "@outputs('Get_a_row_by_ID')?['body/dteam_mailmanagertxt']",
                      "item/dteam_nniagenttxt": "@outputs('Get_a_row_by_ID')?['body/dteam_nniagenttxt']",
                      "item/dteam_nnimanagertxt": "@outputs('Get_a_row_by_ID')?['body/dteam_nnimanagertxt']",
                      "item/dteam_nombusinessunittxt": "@outputs('Get_a_row_by_ID')?['body/dteam_nombusinessunittxt']",
                      "item/statuscode": 402730003,
                      "item/statecode": 1
                    },
                    "authentication": {
                      "type": "Raw",
                      "value": "@json(decodeBase64(triggerOutputs().headers['X-MS-APIM-Tokens']))['$ConnectionKey']"
                    }
                  }
                }
              },
              "runAfter": {
                "Get_user_profile_(V2)": [
                  "TimedOut",
                  "Failed"
                ]
              },
              "metadata": {
                "operationMetadataId": "e62c01f3-ab08-45ea-94f3-54e6cb270851"
              },
              "type": "Scope"
            },
            "Verification_si_l'utilisateur_est_present_dans_l'environnement": {
              "actions": {
                "Utilisateur_présent_et_avec_une_licence_2": {
                  "runAfter": {},
                  "metadata": {
                    "operationMetadataId": "40f80f22-4d7d-44eb-bc1a-16d6dbc26a1c"
                  },
                  "type": "Compose",
                  "inputs": "Utilisateur présent et avec une licence"
                }
              },
              "runAfter": {
                "List_rows": [
                  "Succeeded"
                ]
              },
              "else": {
                "actions": {
                  "Utilisateur_non_présent_dans_le_groupe_O365_ou_n'a_pas_de_licence": {
                    "actions": {
                      "Add_member_to_group": {
                        "runAfter": {
                          "Add_a_new_row_5": [
                            "Succeeded"
                          ]
                        },
                        "metadata": {
                          "operationMetadataId": "18e81c4d-7c52-43f3-9414-f2bfd41ee69c"
                        },
                        "type": "OpenApiConnection",
                        "inputs": {
                          "host": {
                            "connectionName": "shared_office365groups",
                            "operationId": "AddMemberToGroup",
                            "apiId": "/providers/Microsoft.PowerApps/apis/shared_office365groups"
                          },
                          "parameters": {
                            "groupId": "@parameters('O365_Group_GUID (dteam_O365_Group_GUID)')",
                            "userUpn": "@outputs('Get_a_row_by_ID')?['body/dteam_mailagenttxt']"
                          },
                          "authentication": {
                            "type": "Raw",
                            "value": "@json(decodeBase64(triggerOutputs().headers['X-MS-APIM-Tokens']))['$ConnectionKey']"
                          }
                        }
                      },
                      "Force_Sync_user": {
                        "runAfter": {
                          "Delay": [
                            "Succeeded"
                          ]
                        },
                        "metadata": {
                          "operationMetadataId": "3b671e65-7d08-446b-b64b-9cb0edbdc2d4"
                        },
                        "type": "OpenApiConnection",
                        "inputs": {
                          "host": {
                            "connectionName": "shared_powerplatformforadmins",
                            "operationId": "Add-AdminPowerAppsSyncUser",
                            "apiId": "/providers/Microsoft.PowerApps/apis/shared_powerplatformforadmins"
                          },
                          "parameters": {
                            "environment": "@parameters('Environnement_ID (dteam_Environnement_ID)')",
                            "body/ObjectId": "@outputs('Get_user_profile_(V2)')?['body/id']",
                            "api-version": "2022-05-01"
                          },
                          "authentication": {
                            "type": "Raw",
                            "value": "@json(decodeBase64(triggerOutputs().headers['X-MS-APIM-Tokens']))['$ConnectionKey']"
                          },
                          "retryPolicy": {
                            "type": "none"
                          }
                        }
                      },
                      "List_rows_2": {
                        "runAfter": {
                          "Force_Sync_user": [
                            "Succeeded"
                          ]
                        },
                        "metadata": {
                          "operationMetadataId": "c25cf7ad-bd4b-4e45-b035-367de2cc93b9"
                        },
                        "type": "OpenApiConnection",
                        "inputs": {
                          "host": {
                            "connectionName": "shared_commondataserviceforapps",
                            "operationId": "ListRecords",
                            "apiId": "/providers/Microsoft.PowerApps/apis/shared_commondataserviceforapps"
                          },
                          "parameters": {
                            "entityName": "systemusers",
                            "$filter": "(internalemailaddress eq '@{outputs('Get_a_row_by_ID')?['body/dteam_mailagenttxt']}') and (isdisabled eq false)"
                          },
                          "authentication": {
                            "type": "Raw",
                            "value": "@json(decodeBase64(triggerOutputs().headers['X-MS-APIM-Tokens']))['$ConnectionKey']"
                          }
                        }
                      },
                      "Verification_si_l'utilisateur_a_une_licence": {
                        "actions": {
                          "Utilisateur_présent_et_avec_une_licence": {
                            "runAfter": {},
                            "metadata": {
                              "operationMetadataId": "40f80f22-4d7d-44eb-bc1a-16d6dbc26a1c"
                            },
                            "type": "Compose",
                            "inputs": "Utilisateur présent et avec une licence"
                          }
                        },
                        "runAfter": {
                          "List_rows_2": [
                            "Succeeded"
                          ]
                        },
                        "else": {
                          "actions": {
                            "Terminate_2": {
                              "runAfter": {
                                "Respond_to_a_PowerApp_or_flow_2": [
                                  "Succeeded"
                                ]
                              },
                              "metadata": {
                                "operationMetadataId": "61a46c6a-114d-41b8-aa92-6c7c3ec3feda"
                              },
                              "type": "Terminate",
                              "inputs": {
                                "runStatus": "Succeeded"
                              }
                            },
                            "Respond_to_a_PowerApp_or_flow_2": {
                              "runAfter": {
                                "Passage_de_la_Demande_à_Terminé_:_Erreur_2": [
                                  "Succeeded"
                                ]
                              },
                              "metadata": {
                                "operationMetadataId": "d2cd71fd-3620-4705-9e03-2bef620c6526"
                              },
                              "type": "Response",
                              "kind": "PowerApp",
                              "inputs": {
                                "statusCode": 200,
                                "body": {
                                  "status": "Error"
                                },
                                "schema": {
                                  "type": "object",
                                  "properties": {
                                    "status": {
                                      "title": "Status",
                                      "x-ms-dynamically-added": true,
                                      "type": "string"
                                    }
                                  }
                                }
                              }
                            },
                            "Add_a_new_row_4": {
                              "runAfter": {},
                              "metadata": {
                                "operationMetadataId": "becf1d5c-6732-4d16-acf7-371d16c645ed"
                              },
                              "type": "OpenApiConnection",
                              "inputs": {
                                "host": {
                                  "connectionName": "shared_commondataserviceforapps",
                                  "operationId": "CreateRecord",
                                  "apiId": "/providers/Microsoft.PowerApps/apis/shared_commondataserviceforapps"
                                },
                                "parameters": {
                                  "entityName": "dteam_logsdhabilitationses",
                                  "item/dteam_name": "L'Utilisateur @{outputs('Passage_de_la_Demande_à_en_cours')?['body/dteam_mailagenttxt']} n'a pas de lience premium",
                                  "item/dteam_demandedhabilitationId@odata.bind": "/dteam_demandedhabilitations(@{outputs('Get_a_row_by_ID')?['body/dteam_demandedhabilitationid']})"
                                },
                                "authentication": {
                                  "type": "Raw",
                                  "value": "@json(decodeBase64(triggerOutputs().headers['X-MS-APIM-Tokens']))['$ConnectionKey']"
                                }
                              }
                            },
                            "Passage_de_la_Demande_à_Terminé_:_Erreur_2": {
                              "runAfter": {
                                "Add_a_new_row_4": [
                                  "Succeeded"
                                ]
                              },
                              "metadata": {
                                "operationMetadataId": "124d9e35-35b5-498c-a438-9d39d9bd7bb3"
                              },
                              "type": "OpenApiConnection",
                              "inputs": {
                                "host": {
                                  "connectionName": "shared_commondataserviceforapps",
                                  "operationId": "UpdateRecord",
                                  "apiId": "/providers/Microsoft.PowerApps/apis/shared_commondataserviceforapps"
                                },
                                "parameters": {
                                  "entityName": "dteam_demandedhabilitations",
                                  "recordId": "@outputs('Get_a_row_by_ID')?['body/dteam_demandedhabilitationid']",
                                  "item/dteam_nom": "@outputs('Get_a_row_by_ID')?['body/dteam_nom']",
                                  "item/dteam_mailagenttxt": "@outputs('Get_a_row_by_ID')?['body/dteam_mailagenttxt']",
                                  "item/dteam_mailmanagertxt": "@outputs('Get_a_row_by_ID')?['body/dteam_mailmanagertxt']",
                                  "item/dteam_nniagenttxt": "@outputs('Get_a_row_by_ID')?['body/dteam_nniagenttxt']",
                                  "item/dteam_nnimanagertxt": "@outputs('Get_a_row_by_ID')?['body/dteam_nnimanagertxt']",
                                  "item/dteam_nombusinessunittxt": "@outputs('Get_a_row_by_ID')?['body/dteam_nombusinessunittxt']",
                                  "item/statuscode": 402730003,
                                  "item/statecode": 1
                                },
                                "authentication": {
                                  "type": "Raw",
                                  "value": "@json(decodeBase64(triggerOutputs().headers['X-MS-APIM-Tokens']))['$ConnectionKey']"
                                }
                              }
                            }
                          }
                        },
                        "expression": {
                          "not": {
                            "equals": [
                              "@length(outputs('List_rows_2')?['body/value'])",
                              0
                            ]
                          }
                        },
                        "metadata": {
                          "operationMetadataId": "7017a456-6f7f-4cc5-8dde-b8c71bba045d"
                        },
                        "type": "If"
                      },
                      "Delay": {
                        "runAfter": {
                          "Add_member_to_group": [
                            "Succeeded"
                          ]
                        },
                        "metadata": {
                          "operationMetadataId": "73ed0f3f-3112-4bf8-94af-437b26fe9183"
                        },
                        "type": "Wait",
                        "inputs": {
                          "interval": {
                            "count": 1,
                            "unit": "Minute"
                          }
                        }
                      },
                      "Utilisateur_n'a_pas_de_licence": {
                        "actions": {
                          "Add_a_new_row_3": {
                            "runAfter": {},
                            "metadata": {
                              "operationMetadataId": "becf1d5c-6732-4d16-acf7-371d16c645ed"
                            },
                            "type": "OpenApiConnection",
                            "inputs": {
                              "host": {
                                "connectionName": "shared_commondataserviceforapps",
                                "operationId": "CreateRecord",
                                "apiId": "/providers/Microsoft.PowerApps/apis/shared_commondataserviceforapps"
                              },
                              "parameters": {
                                "entityName": "dteam_logsdhabilitationses",
                                "item/dteam_name": "L'Utilisateur @{outputs('Passage_de_la_Demande_à_en_cours')?['body/dteam_mailagenttxt']} n'a pas de lience premium",
                                "item/dteam_demandedhabilitationId@odata.bind": "/dteam_demandedhabilitations(@{outputs('Get_a_row_by_ID')?['body/dteam_demandedhabilitationid']})"
                              },
                              "authentication": {
                                "type": "Raw",
                                "value": "@json(decodeBase64(triggerOutputs().headers['X-MS-APIM-Tokens']))['$ConnectionKey']"
                              }
                            }
                          },
                          "Terminate_3": {
                            "runAfter": {
                              "Respond_to_a_PowerApp_or_flow_4": [
                                "Succeeded"
                              ]
                            },
                            "metadata": {
                              "operationMetadataId": "74253e08-1fc1-4c95-8fac-d99ba266cdbe"
                            },
                            "type": "Terminate",
                            "inputs": {
                              "runStatus": "Succeeded"
                            }
                          },
                          "Respond_to_a_PowerApp_or_flow_4": {
                            "runAfter": {
                              "Passage_de_la_Demande_à_Terminé_:_Erreur_3": [
                                "Succeeded"
                              ]
                            },
                            "metadata": {
                              "operationMetadataId": "d2cd71fd-3620-4705-9e03-2bef620c6526"
                            },
                            "type": "Response",
                            "kind": "PowerApp",
                            "inputs": {
                              "statusCode": 200,
                              "body": {
                                "status": "Error"
                              },
                              "schema": {
                                "type": "object",
                                "properties": {
                                  "status": {
                                    "title": "Status",
                                    "x-ms-dynamically-added": true,
                                    "type": "string"
                                  }
                                }
                              }
                            }
                          },
                          "Passage_de_la_Demande_à_Terminé_:_Erreur_3": {
                            "runAfter": {
                              "Add_a_new_row_3": [
                                "Succeeded"
                              ]
                            },
                            "metadata": {
                              "operationMetadataId": "e537c363-d035-4a3b-93c2-d0525a98fc44"
                            },
                            "type": "OpenApiConnection",
                            "inputs": {
                              "host": {
                                "connectionName": "shared_commondataserviceforapps",
                                "operationId": "UpdateRecord",
                                "apiId": "/providers/Microsoft.PowerApps/apis/shared_commondataserviceforapps"
                              },
                              "parameters": {
                                "entityName": "dteam_demandedhabilitations",
                                "recordId": "@outputs('Get_a_row_by_ID')?['body/dteam_demandedhabilitationid']",
                                "item/dteam_nom": "@outputs('Get_a_row_by_ID')?['body/dteam_nom']",
                                "item/dteam_mailagenttxt": "@outputs('Get_a_row_by_ID')?['body/dteam_mailagenttxt']",
                                "item/dteam_mailmanagertxt": "@outputs('Get_a_row_by_ID')?['body/dteam_mailmanagertxt']",
                                "item/dteam_nniagenttxt": "@outputs('Get_a_row_by_ID')?['body/dteam_nniagenttxt']",
                                "item/dteam_nnimanagertxt": "@outputs('Get_a_row_by_ID')?['body/dteam_nnimanagertxt']",
                                "item/dteam_nombusinessunittxt": "@outputs('Get_a_row_by_ID')?['body/dteam_nombusinessunittxt']",
                                "item/statuscode": 402730003,
                                "item/statecode": 1
                              },
                              "authentication": {
                                "type": "Raw",
                                "value": "@json(decodeBase64(triggerOutputs().headers['X-MS-APIM-Tokens']))['$ConnectionKey']"
                              }
                            }
                          }
                        },
                        "runAfter": {
                          "Add_member_to_group": [
                            "Failed",
                            "TimedOut"
                          ]
                        },
                        "metadata": {
                          "operationMetadataId": "e62c01f3-ab08-45ea-94f3-54e6cb270851"
                        },
                        "type": "Scope"
                      },
                      "Add_a_new_row_5": {
                        "runAfter": {},
                        "metadata": {
                          "operationMetadataId": "a865fff1-d64a-414a-a8e6-de7336407de7"
                        },
                        "type": "OpenApiConnection",
                        "inputs": {
                          "host": {
                            "connectionName": "shared_commondataserviceforapps",
                            "operationId": "CreateRecord",
                            "apiId": "/providers/Microsoft.PowerApps/apis/shared_commondataserviceforapps"
                          },
                          "parameters": {
                            "entityName": "dteam_logsdhabilitationses",
                            "item/dteam_name": "L'Utilisateur @{outputs('Get_a_row_by_ID')?['body/dteam_mailagenttxt']} n'est soit pas dans le groupe de sécurité ou n'a pas de licence -> Rajout dans le groupe de sécurité",
                            "item/dteam_demandedhabilitationId@odata.bind": "/dteam_demandedhabilitations(@{outputs('Get_a_row_by_ID')?['body/dteam_demandedhabilitationid']})"
                          },
                          "authentication": {
                            "type": "Raw",
                            "value": "@json(decodeBase64(triggerOutputs().headers['X-MS-APIM-Tokens']))['$ConnectionKey']"
                          }
                        }
                      }
                    },
                    "runAfter": {},
                    "metadata": {
                      "operationMetadataId": "e1ee2b10-6be2-46bc-8b2e-0e4cea406fb9"
                    },
                    "type": "Scope"
                  }
                }
              },
              "expression": {
                "not": {
                  "equals": [
                    "@length(outputs('List_rows')?['body/value'])",
                    0
                  ]
                }
              },
              "metadata": {
                "operationMetadataId": "cd84c4ef-63e2-4814-a560-3de7a1c3490b"
              },
              "type": "If"
            },
            "Récupération_de_la_BU": {
              "runAfter": {
                "Verification_si_l'utilisateur_est_present_dans_l'environnement": [
                  "Succeeded"
                ]
              },
              "metadata": {
                "operationMetadataId": "d8731930-eeee-4d99-8580-b864b9cff792"
              },
              "type": "OpenApiConnection",
              "inputs": {
                "host": {
                  "connectionName": "shared_commondataserviceforapps",
                  "operationId": "ListRecords",
                  "apiId": "/providers/Microsoft.PowerApps/apis/shared_commondataserviceforapps"
                },
                "parameters": {
                  "entityName": "businessunits",
                  "$filter": "name eq '@{outputs('Get_a_row_by_ID')?['body/dteam_nombusinessunittxt']}'"
                },
                "authentication": {
                  "type": "Raw",
                  "value": "@json(decodeBase64(triggerOutputs().headers['X-MS-APIM-Tokens']))['$ConnectionKey']"
                }
              }
            },
            "Vérification_si_la_BU_n'existe_pas": {
              "actions": {
                "BU_non_existante_:_Création_de_la_BU": {
                  "actions": {
                    "Ajout_de_log_:_BU_non_existante": {
                      "runAfter": {},
                      "metadata": {
                        "operationMetadataId": "a865fff1-d64a-414a-a8e6-de7336407de7"
                      },
                      "type": "OpenApiConnection",
                      "inputs": {
                        "host": {
                          "connectionName": "shared_commondataserviceforapps",
                          "operationId": "CreateRecord",
                          "apiId": "/providers/Microsoft.PowerApps/apis/shared_commondataserviceforapps"
                        },
                        "parameters": {
                          "entityName": "dteam_logsdhabilitationses",
                          "item/dteam_name": "La BU @{outputs('Get_a_row_by_ID')?['body/dteam_nombusinessunittxt']} n'existe pas : Création de la BU en cours",
                          "item/dteam_demandedhabilitationId@odata.bind": "/dteam_demandedhabilitations(@{outputs('Get_a_row_by_ID')?['body/dteam_demandedhabilitationid']})"
                        },
                        "authentication": {
                          "type": "Raw",
                          "value": "@json(decodeBase64(triggerOutputs().headers['X-MS-APIM-Tokens']))['$ConnectionKey']"
                        }
                      }
                    },
                    "Creation_de_la_nouvelle_BU": {
                      "runAfter": {
                        "Ajout_de_log_:_BU_non_existante": [
                          "Succeeded"
                        ]
                      },
                      "metadata": {
                        "operationMetadataId": "29fffecd-364f-4774-92a9-866c9ac47c56"
                      },
                      "type": "OpenApiConnection",
                      "inputs": {
                        "host": {
                          "connectionName": "shared_commondataserviceforapps",
                          "operationId": "CreateRecord",
                          "apiId": "/providers/Microsoft.PowerApps/apis/shared_commondataserviceforapps"
                        },
                        "parameters": {
                          "entityName": "businessunits",
                          "item/parentbusinessunitid@odata.bind": "/businessunits(@{triggerBody()['text_1']})",
                          "item/name": "@outputs('Get_a_row_by_ID')?['body/dteam_nombusinessunittxt']"
                        },
                        "authentication": {
                          "type": "Raw",
                          "value": "@json(decodeBase64(triggerOutputs().headers['X-MS-APIM-Tokens']))['$ConnectionKey']"
                        }
                      }
                    }
                  },
                  "runAfter": {},
                  "metadata": {
                    "operationMetadataId": "87de97ce-4f91-4ae8-963d-1bbeab643144"
                  },
                  "type": "Scope"
                }
              },
              "runAfter": {
                "Récupération_de_la_BU": [
                  "Succeeded"
                ]
              },
              "expression": {
                "equals": [
                  "@length(outputs('Récupération_de_la_BU')?['body/value'])",
                  0
                ]
              },
              "metadata": {
                "operationMetadataId": "b9172ec9-d0eb-44a0-95bd-8aff318da86c"
              },
              "type": "If"
            },
            "Ajout_de_l'utilisateur_dans_la_BU_avec_les_rôles": {
              "actions": {
                "Ajout_de_l'utilisateur_dans_la_BU_avec_le_rôle_Basic_User": {
                  "actions": {
                    "Récupération_de_la_BU_2": {
                      "runAfter": {},
                      "metadata": {
                        "operationMetadataId": "bb05e6aa-b2c1-4582-8b2f-26a7effa3a62"
                      },
                      "type": "OpenApiConnection",
                      "inputs": {
                        "host": {
                          "connectionName": "shared_commondataserviceforapps",
                          "operationId": "ListRecords",
                          "apiId": "/providers/Microsoft.PowerApps/apis/shared_commondataserviceforapps"
                        },
                        "parameters": {
                          "entityName": "businessunits",
                          "$filter": "name eq '@{outputs('Get_a_row_by_ID')?['body/dteam_nombusinessunittxt']}'"
                        },
                        "authentication": {
                          "type": "Raw",
                          "value": "@json(decodeBase64(triggerOutputs().headers['X-MS-APIM-Tokens']))['$ConnectionKey']"
                        }
                      }
                    },
                    "Ajout_de_l'utilisateur_dans_la_BU": {
                      "runAfter": {
                        "Récupération_de_la_BU_2": [
                          "Succeeded"
                        ]
                      },
                      "metadata": {
                        "operationMetadataId": "408c72db-f76f-437b-b3df-97090d1d615d"
                      },
                      "type": "OpenApiConnection",
                      "inputs": {
                        "host": {
                          "connectionName": "shared_commondataserviceforapps",
                          "operationId": "UpdateRecord",
                          "apiId": "/providers/Microsoft.PowerApps/apis/shared_commondataserviceforapps"
                        },
                        "parameters": {
                          "entityName": "systemusers",
                          "recordId": "@first(body('List_rows')?['value'])?['systemuserid']",
                          "item/businessunitid@odata.bind": "/businessunits(@{first(body('Récupération_de_la_BU_2')?['value'])?['businessunitid']})"
                        },
                        "authentication": {
                          "type": "Raw",
                          "value": "@json(decodeBase64(triggerOutputs().headers['X-MS-APIM-Tokens']))['$ConnectionKey']"
                        }
                      }
                    },
                    "Recuperation_des_roles_de_la_BU_de_l'Utilisateur": {
                      "runAfter": {
                        "Ajout_de_l'utilisateur_dans_la_BU": [
                          "Succeeded"
                        ]
                      },
                      "metadata": {
                        "operationMetadataId": "d770b81c-55d4-48a9-867b-9e8cf6ba705a"
                      },
                      "type": "OpenApiConnection",
                      "inputs": {
                        "host": {
                          "connectionName": "shared_commondataserviceforapps",
                          "operationId": "ListRecords",
                          "apiId": "/providers/Microsoft.PowerApps/apis/shared_commondataserviceforapps"
                        },
                        "parameters": {
                          "entityName": "roles",
                          "$filter": "(name eq '[DTEAM-CC]Basic User') and (_businessunitid_value eq @{first(body('Récupération_de_la_BU_2')?['value'])?['businessunitid']})"
                        },
                        "authentication": {
                          "type": "Raw",
                          "value": "@json(decodeBase64(triggerOutputs().headers['X-MS-APIM-Tokens']))['$ConnectionKey']"
                        }
                      }
                    },
                    "Ajout_du_rôle_d'utilisateur_de_la_BU": {
                      "runAfter": {
                        "Recuperation_des_roles_de_la_BU_de_l'Utilisateur": [
                          "Succeeded"
                        ]
                      },
                      "metadata": {
                        "operationMetadataId": "6ff49202-d55f-4c55-8338-809ca0f67160"
                      },
                      "type": "OpenApiConnection",
                      "inputs": {
                        "host": {
                          "connectionName": "shared_commondataserviceforapps",
                          "operationId": "AssociateEntities",
                          "apiId": "/providers/Microsoft.PowerApps/apis/shared_commondataserviceforapps"
                        },
                        "parameters": {
                          "entityName": "systemusers",
                          "recordId": "@first(body('List_rows')?['value'])?['systemuserid']",
                          "associationEntityRelationship": "systemuserroles_association",
                          "item/@odata.id": "@first(body('Recuperation_des_roles_de_la_BU_de_l''Utilisateur')?['value'])?['@odata.id']"
                        },
                        "authentication": {
                          "type": "Raw",
                          "value": "@json(decodeBase64(triggerOutputs().headers['X-MS-APIM-Tokens']))['$ConnectionKey']"
                        }
                      }
                    },
                    "Recuperation_des_roles_de_la_BU_de_l'Utilisateur_-_Apprenant": {
                      "runAfter": {
                        "Ajout_du_rôle_d'utilisateur_de_la_BU": [
                          "Succeeded"
                        ]
                      },
                      "metadata": {
                        "operationMetadataId": "d770b81c-55d4-48a9-867b-9e8cf6ba705a"
                      },
                      "type": "OpenApiConnection",
                      "inputs": {
                        "host": {
                          "connectionName": "shared_commondataserviceforapps",
                          "operationId": "ListRecords",
                          "apiId": "/providers/Microsoft.PowerApps/apis/shared_commondataserviceforapps"
                        },
                        "parameters": {
                          "entityName": "roles",
                          "$filter": "(name eq '[DTEAM-CC]Apprenant') and (_businessunitid_value eq @{first(body('Récupération_de_la_BU_2')?['value'])?['businessunitid']})"
                        },
                        "authentication": {
                          "type": "Raw",
                          "value": "@json(decodeBase64(triggerOutputs().headers['X-MS-APIM-Tokens']))['$ConnectionKey']"
                        }
                      }
                    },
                    "Ajout_du_rôle_d'utilisateur_de_la_BU_-_Apprenant": {
                      "runAfter": {
                        "Recuperation_des_roles_de_la_BU_de_l'Utilisateur_-_Apprenant": [
                          "Succeeded"
                        ]
                      },
                      "metadata": {
                        "operationMetadataId": "6ff49202-d55f-4c55-8338-809ca0f67160"
                      },
                      "type": "OpenApiConnection",
                      "inputs": {
                        "host": {
                          "connectionName": "shared_commondataserviceforapps",
                          "operationId": "AssociateEntities",
                          "apiId": "/providers/Microsoft.PowerApps/apis/shared_commondataserviceforapps"
                        },
                        "parameters": {
                          "entityName": "systemusers",
                          "recordId": "@first(body('List_rows')?['value'])?['systemuserid']",
                          "associationEntityRelationship": "systemuserroles_association",
                          "item/@odata.id": "@first(body('Recuperation_des_roles_de_la_BU_de_l''Utilisateur_-_Apprenant')?['value'])?['@odata.id']"
                        },
                        "authentication": {
                          "type": "Raw",
                          "value": "@json(decodeBase64(triggerOutputs().headers['X-MS-APIM-Tokens']))['$ConnectionKey']"
                        }
                      }
                    }
                  },
                  "runAfter": {},
                  "metadata": {
                    "operationMetadataId": "ba09bcfc-2880-4b3a-9b8f-af6a697962cc"
                  },
                  "type": "Scope"
                },
                "Ajout_de_l'utilisateur_avec_le_rôle_Manager_si_EST_MANAGER_Oui": {
                  "actions": {
                    "Verification_si_l'utilisateur_est_un_manager": {
                      "actions": {
                        "Recuperation_des_roles_manager_de_la_BU_de_l'Utilisateur": {
                          "runAfter": {},
                          "metadata": {
                            "operationMetadataId": "d770b81c-55d4-48a9-867b-9e8cf6ba705a"
                          },
                          "type": "OpenApiConnection",
                          "inputs": {
                            "host": {
                              "connectionName": "shared_commondataserviceforapps",
                              "operationId": "ListRecords",
                              "apiId": "/providers/Microsoft.PowerApps/apis/shared_commondataserviceforapps"
                            },
                            "parameters": {
                              "entityName": "roles",
                              "$filter": "(name eq '[DTEAM-CC]Manager') and (_businessunitid_value eq @{first(body('Récupération_de_la_BU_2')?['value'])?['businessunitid']})"
                            },
                            "authentication": {
                              "type": "Raw",
                              "value": "@json(decodeBase64(triggerOutputs().headers['X-MS-APIM-Tokens']))['$ConnectionKey']"
                            }
                          }
                        },
                        "Ajout_du_rôle_manager_de_la_BU": {
                          "runAfter": {
                            "Recuperation_des_roles_manager_de_la_BU_de_l'Utilisateur": [
                              "Succeeded"
                            ]
                          },
                          "metadata": {
                            "operationMetadataId": "6ff49202-d55f-4c55-8338-809ca0f67160"
                          },
                          "type": "OpenApiConnection",
                          "inputs": {
                            "host": {
                              "connectionName": "shared_commondataserviceforapps",
                              "operationId": "AssociateEntities",
                              "apiId": "/providers/Microsoft.PowerApps/apis/shared_commondataserviceforapps"
                            },
                            "parameters": {
                              "entityName": "systemusers",
                              "recordId": "@first(body('List_rows')?['value'])?['systemuserid']",
                              "associationEntityRelationship": "systemuserroles_association",
                              "item/@odata.id": "@first(body('Recuperation_des_roles_manager_de_la_BU_de_l''Utilisateur')?['value'])?['@odata.id']"
                            },
                            "authentication": {
                              "type": "Raw",
                              "value": "@json(decodeBase64(triggerOutputs().headers['X-MS-APIM-Tokens']))['$ConnectionKey']"
                            }
                          }
                        }
                      },
                      "runAfter": {},
                      "expression": {
                        "equals": [
                          "@outputs('Get_a_row_by_ID')?['body/dteam_estmanagertxt']",
                          "oui"
                        ]
                      },
                      "metadata": {
                        "operationMetadataId": "88b7b8f2-9aab-4f11-9ef7-9be1f1f54a62"
                      },
                      "type": "If"
                    }
                  },
                  "runAfter": {
                    "Ajout_de_l'utilisateur_avec_le_rôle_Referent_si_EST_REFERENT_Oui": [
                      "Succeeded"
                    ]
                  },
                  "metadata": {
                    "operationMetadataId": "2743eb56-cdc1-45c5-aee4-2d0ba80a1a0e"
                  },
                  "type": "Scope"
                },
                "Ajout_de_l'utilisateur_avec_le_rôle_Referent_si_EST_REFERENT_Oui": {
                  "actions": {
                    "Condition": {
                      "actions": {
                        "Recuperation_des_roles_referent_de_la_BU_de_l'Utilisateur": {
                          "runAfter": {},
                          "metadata": {
                            "operationMetadataId": "d770b81c-55d4-48a9-867b-9e8cf6ba705a"
                          },
                          "type": "OpenApiConnection",
                          "inputs": {
                            "host": {
                              "connectionName": "shared_commondataserviceforapps",
                              "operationId": "ListRecords",
                              "apiId": "/providers/Microsoft.PowerApps/apis/shared_commondataserviceforapps"
                            },
                            "parameters": {
                              "entityName": "roles",
                              "$filter": "(name eq '[DTEAM-CC]Référent') and (_businessunitid_value eq @{first(body('Récupération_de_la_BU_2')?['value'])?['businessunitid']})"
                            },
                            "authentication": {
                              "type": "Raw",
                              "value": "@json(decodeBase64(triggerOutputs().headers['X-MS-APIM-Tokens']))['$ConnectionKey']"
                            }
                          }
                        },
                        "Ajout_du_rôle_referent_de_la_BU": {
                          "runAfter": {
                            "Recuperation_des_roles_referent_de_la_BU_de_l'Utilisateur": [
                              "Succeeded"
                            ]
                          },
                          "metadata": {
                            "operationMetadataId": "6ff49202-d55f-4c55-8338-809ca0f67160"
                          },
                          "type": "OpenApiConnection",
                          "inputs": {
                            "host": {
                              "connectionName": "shared_commondataserviceforapps",
                              "operationId": "AssociateEntities",
                              "apiId": "/providers/Microsoft.PowerApps/apis/shared_commondataserviceforapps"
                            },
                            "parameters": {
                              "entityName": "systemusers",
                              "recordId": "@first(body('List_rows')?['value'])?['systemuserid']",
                              "associationEntityRelationship": "systemuserroles_association",
                              "item/@odata.id": "@first(body('Recuperation_des_roles_referent_de_la_BU_de_l''Utilisateur')?['value'])?['@odata.id']"
                            },
                            "authentication": {
                              "type": "Raw",
                              "value": "@json(decodeBase64(triggerOutputs().headers['X-MS-APIM-Tokens']))['$ConnectionKey']"
                            }
                          }
                        }
                      },
                      "runAfter": {},
                      "expression": {
                        "equals": [
                          "@outputs('Get_a_row_by_ID')?['body/dteam_estreferenttxt']",
                          "oui"
                        ]
                      },
                      "metadata": {
                        "operationMetadataId": "cb6eefd8-9d7e-448d-86fc-b0673d6c72a9"
                      },
                      "type": "If"
                    }
                  },
                  "runAfter": {
                    "Ajout_de_l'utilisateur_dans_la_BU_avec_le_rôle_Basic_User": [
                      "Succeeded"
                    ]
                  },
                  "metadata": {
                    "operationMetadataId": "86dc0588-eeae-47f2-a32b-7e5fc27a4874"
                  },
                  "type": "Scope"
                }
              },
              "runAfter": {
                "Vérification_si_la_BU_n'existe_pas": [
                  "Succeeded"
                ]
              },
              "metadata": {
                "operationMetadataId": "69f096cc-a2fe-4071-a7a1-f6a515ea213c"
              },
              "type": "Scope"
            }
          },
          "runAfter": {
            "Passage_de_la_Demande_à_en_cours": [
              "Succeeded"
            ]
          },
          "metadata": {
            "operationMetadataId": "f414d535-df91-4772-9f65-a0f49b4e19d1"
          },
          "type": "Scope"
        },
        "Get_a_row_by_ID": {
          "runAfter": {},
          "metadata": {
            "operationMetadataId": "8ffaeb4c-89d2-4a7c-9289-8169a3e84c55"
          },
          "type": "OpenApiConnection",
          "inputs": {
            "host": {
              "connectionName": "shared_commondataserviceforapps",
              "operationId": "GetItem",
              "apiId": "/providers/Microsoft.PowerApps/apis/shared_commondataserviceforapps"
            },
            "parameters": {
              "entityName": "dteam_demandedhabilitations",
              "recordId": "@triggerBody()['text']"
            },
            "authentication": {
              "type": "Raw",
              "value": "@json(decodeBase64(triggerOutputs().headers['X-MS-APIM-Tokens']))['$ConnectionKey']"
            }
          }
        },
        "Respond_to_a_PowerApp_or_flow": {
          "runAfter": {
            "Passage_de_la_Demande_à_Terminé_:_Succes": [
              "Succeeded"
            ]
          },
          "metadata": {
            "operationMetadataId": "d2cd71fd-3620-4705-9e03-2bef620c6526"
          },
          "type": "Response",
          "kind": "PowerApp",
          "inputs": {
            "statusCode": 200,
            "body": {
              "status": "OK"
            },
            "schema": {
              "type": "object",
              "properties": {
                "status": {
                  "title": "Status",
                  "x-ms-dynamically-added": true,
                  "type": "string"
                }
              }
            }
          }
        },
        "Passage_de_la_Demande_à_en_cours": {
          "runAfter": {
            "Get_a_row_by_ID": [
              "Succeeded"
            ]
          },
          "metadata": {
            "operationMetadataId": "e75c217f-0dcf-4d1f-86ce-4f46cbb674f3"
          },
          "type": "OpenApiConnection",
          "inputs": {
            "host": {
              "connectionName": "shared_commondataserviceforapps",
              "operationId": "UpdateRecord",
              "apiId": "/providers/Microsoft.PowerApps/apis/shared_commondataserviceforapps"
            },
            "parameters": {
              "entityName": "dteam_demandedhabilitations",
              "recordId": "@outputs('Get_a_row_by_ID')?['body/dteam_demandedhabilitationid']",
              "item/dteam_nom": "@outputs('Get_a_row_by_ID')?['body/dteam_nom']",
              "item/dteam_mailagenttxt": "@outputs('Get_a_row_by_ID')?['body/dteam_mailagenttxt']",
              "item/dteam_mailmanagertxt": "@outputs('Get_a_row_by_ID')?['body/dteam_mailmanagertxt']",
              "item/dteam_nniagenttxt": "@outputs('Get_a_row_by_ID')?['body/dteam_nniagenttxt']",
              "item/dteam_nnimanagertxt": "@outputs('Get_a_row_by_ID')?['body/dteam_nnimanagertxt']",
              "item/dteam_nombusinessunittxt": "@outputs('Get_a_row_by_ID')?['body/dteam_nombusinessunittxt']",
              "item/statuscode": 402730001,
              "item/statecode": 0
            },
            "authentication": {
              "type": "Raw",
              "value": "@json(decodeBase64(triggerOutputs().headers['X-MS-APIM-Tokens']))['$ConnectionKey']"
            }
          }
        },
        "Passage_de_la_Demande_à_Terminé_:_Succes": {
          "runAfter": {
            "Ajout_de_l'utilisateur_à_la_BU": [
              "Succeeded"
            ]
          },
          "metadata": {
            "operationMetadataId": "75fff018-1fa8-4f3c-9523-f6db4a87be64"
          },
          "type": "OpenApiConnection",
          "inputs": {
            "host": {
              "connectionName": "shared_commondataserviceforapps",
              "operationId": "UpdateRecord",
              "apiId": "/providers/Microsoft.PowerApps/apis/shared_commondataserviceforapps"
            },
            "parameters": {
              "entityName": "dteam_demandedhabilitations",
              "recordId": "@outputs('Get_a_row_by_ID')?['body/dteam_demandedhabilitationid']",
              "item/dteam_nom": "@outputs('Get_a_row_by_ID')?['body/dteam_nom']",
              "item/dteam_mailagenttxt": "@outputs('Get_a_row_by_ID')?['body/dteam_mailagenttxt']",
              "item/dteam_mailmanagertxt": "@outputs('Get_a_row_by_ID')?['body/dteam_mailmanagertxt']",
              "item/dteam_nniagenttxt": "@outputs('Get_a_row_by_ID')?['body/dteam_nniagenttxt']",
              "item/dteam_nnimanagertxt": "@outputs('Get_a_row_by_ID')?['body/dteam_nnimanagertxt']",
              "item/dteam_nombusinessunittxt": "@outputs('Get_a_row_by_ID')?['body/dteam_nombusinessunittxt']",
              "item/statuscode": 2,
              "item/statecode": 1
            },
            "authentication": {
              "type": "Raw",
              "value": "@json(decodeBase64(triggerOutputs().headers['X-MS-APIM-Tokens']))['$ConnectionKey']"
            }
          }
        }
      }
    },
    "templateName": ""
  },
  "schemaVersion": "1.0.0.0"
}