{
  "properties": {
    "connectionReferences": {
      "shared_commondataserviceforapps": {
        "runtimeSource": "embedded",
        "connection": {
          "connectionReferenceLogicalName": "dteam_sharedcommondataserviceforapps_11ec0"
        },
        "api": {
          "name": "shared_commondataserviceforapps"
        }
      }
    },
    "definition": {
      "$schema": "https://schema.management.azure.com/providers/Microsoft.Logic/schemas/2016-06-01/workflowdefinition.json#",
      "contentVersion": "1.0.0.0",
      "parameters": {
        "$connections": {
          "defaultValue": {},
          "type": "Object"
        },
        "$authentication": {
          "defaultValue": {},
          "type": "SecureObject"
        }
      },
      "triggers": {
        "manual": {
          "metadata": {
            "operationMetadataId": "40efda6a-6c0d-46b2-a9de-4bac727cbb01"
          },
          "type": "Request",
          "kind": "PowerAppV2",
          "inputs": {
            "schema": {
              "type": "object",
              "properties": {
                "text": {
                  "title": "Nom Carnet",
                  "type": "string",
                  "x-ms-dynamically-added": true,
                  "description": "Nom du carnet",
                  "x-ms-content-hint": "TEXT"
                },
                "text_1": {
                  "title": "Apprenant_ID",
                  "type": "string",
                  "x-ms-dynamically-added": true,
                  "description": "ID de l'Apprennant",
                  "x-ms-content-hint": "TEXT"
                },
                "text_2": {
                  "title": "Emploi_ID",
                  "type": "string",
                  "x-ms-dynamically-added": true,
                  "description": "ID de l'emploi",
                  "x-ms-content-hint": "TEXT"
                },
                "text_3": {
                  "title": "Modèle carnet_ID",
                  "type": "string",
                  "x-ms-dynamically-added": true,
                  "description": "ID du modèle de carnet",
                  "x-ms-content-hint": "TEXT"
                },
                "text_4": {
                  "title": "Compétences_ID",
                  "type": "string",
                  "x-ms-dynamically-added": true,
                  "description": "ID des compétences associées",
                  "x-ms-content-hint": "TEXT"
                },
                "number": {
                  "title": "Compétences_Nb",
                  "type": "number",
                  "x-ms-dynamically-added": true,
                  "description": "Nombre de compétences du carnet",
                  "x-ms-content-hint": "NUMBER"
                },
                "text_5": {
                  "title": "Compagnon_ID",
                  "type": "string",
                  "x-ms-dynamically-added": true,
                  "description": "ID du Compagnon",
                  "x-ms-content-hint": "TEXT"
                }
              },
              "required": [
                "text",
                "text_1",
                "text_2",
                "text_3",
                "text_4",
                "number",
                "text_5"
              ]
            }
          }
        }
      },
      "actions": {
        "Respond_to_a_PowerApp_or_flow": {
          "runAfter": {
            "Création_des_Thèmes_du_carnet": [
              "Succeeded"
            ]
          },
          "metadata": {
            "operationMetadataId": "981c6668-44a3-411c-9574-e4a4dbe3960b"
          },
          "type": "Response",
          "kind": "PowerApp",
          "inputs": {
            "statusCode": 200,
            "body": {
              "response": "OK"
            },
            "schema": {
              "type": "object",
              "properties": {
                "response": {
                  "title": "Response",
                  "x-ms-dynamically-added": true,
                  "type": "string"
                }
              }
            }
          }
        },
        "Apply_to_each": {
          "foreach": "@body('Parse_JSON_Competences')",
          "actions": {
            "Get_a_row_by_ID": {
              "runAfter": {},
              "metadata": {
                "operationMetadataId": "4a14efd3-2534-42ad-8cac-8332c45a33ff"
              },
              "type": "OpenApiConnection",
              "inputs": {
                "host": {
                  "connectionName": "shared_commondataserviceforapps",
                  "operationId": "GetItem",
                  "apiId": "/providers/Microsoft.PowerApps/apis/shared_commondataserviceforapps"
                },
                "parameters": {
                  "entityName": "dteam_competencemodelecarnets",
                  "recordId": "@items('Apply_to_each')['dteam_competencemodelecarnetid']"
                },
                "authentication": "@parameters('$authentication')"
              }
            },
            "Get_a_row_by_ID_2": {
              "runAfter": {
                "Get_a_row_by_ID": [
                  "Succeeded"
                ]
              },
              "metadata": {
                "operationMetadataId": "c4faa1ec-2a37-48e7-b868-865e2e8af722"
              },
              "type": "OpenApiConnection",
              "inputs": {
                "host": {
                  "connectionName": "shared_commondataserviceforapps",
                  "operationId": "GetItem",
                  "apiId": "/providers/Microsoft.PowerApps/apis/shared_commondataserviceforapps"
                },
                "parameters": {
                  "entityName": "dteam_competencethemes",
                  "recordId": "@outputs('Get_a_row_by_ID')?['body/_dteam_competencethemeid_value']"
                },
                "authentication": "@parameters('$authentication')"
              }
            },
            "Append_to_array_variable_2": {
              "runAfter": {
                "Append_to_string_variable": [
                  "Succeeded"
                ]
              },
              "metadata": {
                "operationMetadataId": "51589f4f-a71e-4d00-a411-8ade10e16049"
              },
              "type": "AppendToArrayVariable",
              "inputs": {
                "name": "Themes",
                "value": "@outputs('Get_a_row_by_ID_2')?['body/_dteam_themeid_value']"
              }
            },
            "Append_to_string_variable": {
              "runAfter": {
                "Get_a_row_by_ID_2": [
                  "Succeeded"
                ]
              },
              "metadata": {
                "operationMetadataId": "ad5d8cce-7e3c-475b-8e76-0b896eca9842"
              },
              "type": "AppendToStringVariable",
              "inputs": {
                "name": "Competences",
                "value": "{\n  \"Theme\": \"@{outputs('Get_a_row_by_ID_2')?['body/_dteam_themeid_value']}\",\n  \"Competence\": \"@{outputs('Get_a_row_by_ID_2')?['body/dteam_competencethemeid']}\",\n  \"Seuil\": @{outputs('Get_a_row_by_ID')?['body/dteam_seuilnbr']}\n},"
              }
            }
          },
          "runAfter": {
            "Initialisation_des_nombres_de_Competences_dans_un_Theme": [
              "Succeeded"
            ]
          },
          "metadata": {
            "operationMetadataId": "f8678aca-c05d-4663-a4bf-78fc1b06695d"
          },
          "type": "Foreach",
          "runtimeConfiguration": {
            "concurrency": {
              "repetitions": 50
            }
          }
        },
        "Initialisation_du_tableau_JSON_des_Competences": {
          "runAfter": {
            "Ajout_du_Carnet": [
              "Succeeded"
            ]
          },
          "metadata": {
            "operationMetadataId": "ef85280b-7480-42a5-8dab-4209270fc240"
          },
          "type": "InitializeVariable",
          "inputs": {
            "variables": [
              {
                "name": "Competences",
                "type": "string",
                "value": "["
              }
            ]
          }
        },
        "Initialisation_du_tableau_des_Themes": {
          "runAfter": {
            "Initialisation_du_tableau_JSON_des_Competences": [
              "Succeeded"
            ]
          },
          "metadata": {
            "operationMetadataId": "1cdf17ba-45cb-41a2-aadf-b15694d16a55"
          },
          "type": "InitializeVariable",
          "inputs": {
            "variables": [
              {
                "name": "Themes",
                "type": "array"
              }
            ]
          }
        },
        "Ajout_du_Carnet": {
          "runAfter": {
            "Parse_JSON_Competences": [
              "Succeeded"
            ]
          },
          "metadata": {
            "operationMetadataId": "2047c100-a474-464e-bdaa-b168ed932f41"
          },
          "type": "OpenApiConnection",
          "inputs": {
            "host": {
              "connectionName": "shared_commondataserviceforapps",
              "operationId": "CreateRecord",
              "apiId": "/providers/Microsoft.PowerApps/apis/shared_commondataserviceforapps"
            },
            "parameters": {
              "entityName": "dteam_carnets",
              "item/dteam_name": "@triggerBody()['text']",
              "item/dteam_apprenantId@odata.bind": "systemusers(@{triggerBody()['text_1']})",
              "item/dteam_compagnonId@odata.bind": "systemusers(@{triggerBody()['text_5']})",
              "item/dteam_emploiId@odata.bind": "dteam_emplois(@{triggerBody()['text_2']})",
              "item/dteam_modelecarnetId@odata.bind": "dteam_modelecarnets(@{triggerBody()['text_3']})",
              "item/dteam_nbcompetencesid": "@triggerBody()['number']",
              "item/dteam_nbcompetencesvalidesnbr": 0,
              "item/ownerid@odata.bind": "systemusers(@{triggerBody()['text_1']})"
            },
            "authentication": "@parameters('$authentication')"
          }
        },
        "Distinct_Themes": {
          "runAfter": {
            "Parse_JSON_le_tableau_des_Competences_du_carnet": [
              "Succeeded"
            ]
          },
          "metadata": {
            "operationMetadataId": "dbf07bf8-cd45-4050-a912-da9e836ff5d8"
          },
          "type": "Compose",
          "inputs": "@union(variables('Themes'), variables('Themes'))"
        },
        "Création_des_Thèmes_du_carnet": {
          "foreach": "@outputs('Distinct_Themes')",
          "actions": {
            "Récupération_du_Thème_du_modèle": {
              "runAfter": {},
              "metadata": {
                "operationMetadataId": "ff6c3343-a8de-41f5-a783-2cd7f5d9bacc"
              },
              "type": "OpenApiConnection",
              "inputs": {
                "host": {
                  "connectionName": "shared_commondataserviceforapps",
                  "operationId": "GetItem",
                  "apiId": "/providers/Microsoft.PowerApps/apis/shared_commondataserviceforapps"
                },
                "parameters": {
                  "entityName": "dteam_themes",
                  "recordId": "@items('Création_des_Thèmes_du_carnet')"
                },
                "authentication": "@parameters('$authentication')"
              }
            },
            "Ajout_du_Theme": {
              "runAfter": {
                "Récupération_du_Thème_du_modèle": [
                  "Succeeded"
                ]
              },
              "metadata": {
                "operationMetadataId": "7db18f7d-fbfd-473e-8bc5-e80e4107be1f"
              },
              "type": "OpenApiConnection",
              "inputs": {
                "host": {
                  "connectionName": "shared_commondataserviceforapps",
                  "operationId": "CreateRecord",
                  "apiId": "/providers/Microsoft.PowerApps/apis/shared_commondataserviceforapps"
                },
                "parameters": {
                  "entityName": "dteam_themecarnets",
                  "item/dteam_name": "@outputs('Récupération_du_Thème_du_modèle')?['body/dteam_name']",
                  "item/dteam_carnetId@odata.bind": "dteam_carnets(@{outputs('Ajout_du_Carnet')?['body/dteam_carnetid']})",
                  "item/dteam_etatdevalidationbool": false,
                  "item/dteam_nbcompetencesvalidesnbr": 0,
                  "item/dteam_niveau1txt": "@outputs('Récupération_du_Thème_du_modèle')?['body/dteam_niveau1txt']",
                  "item/dteam_niveau2txt": "@outputs('Récupération_du_Thème_du_modèle')?['body/dteam_niveau2txt']",
                  "item/dteam_niveau3txt": "@outputs('Récupération_du_Thème_du_modèle')?['body/dteam_niveau3txt']",
                  "item/ownerid@odata.bind": "systemusers(@{triggerBody()['text_1']})"
                },
                "authentication": "@parameters('$authentication')"
              }
            },
            "Creation_des_Competences_du_Theme": {
              "foreach": "@body('Parse_JSON_le_tableau_des_Competences_du_carnet')",
              "actions": {
                "Condition": {
                  "actions": {
                    "Recuperation_de_la_Competence_du_modele": {
                      "runAfter": {},
                      "metadata": {
                        "operationMetadataId": "dca2c931-c7f6-49f1-a89e-719b6129b8fd"
                      },
                      "type": "OpenApiConnection",
                      "inputs": {
                        "host": {
                          "connectionName": "shared_commondataserviceforapps",
                          "operationId": "GetItem",
                          "apiId": "/providers/Microsoft.PowerApps/apis/shared_commondataserviceforapps"
                        },
                        "parameters": {
                          "entityName": "dteam_competencethemes",
                          "recordId": "@items('Creation_des_Competences_du_Theme')['Competence']"
                        },
                        "authentication": "@parameters('$authentication')"
                      }
                    },
                    "Ajout_de_la_Competence_au_Carnet": {
                      "runAfter": {
                        "Recuperation_de_la_Competence_du_modele": [
                          "Succeeded"
                        ]
                      },
                      "metadata": {
                        "operationMetadataId": "45d5427f-01f7-4024-ae96-0d96eca417b6"
                      },
                      "type": "OpenApiConnection",
                      "inputs": {
                        "host": {
                          "connectionName": "shared_commondataserviceforapps",
                          "operationId": "CreateRecord",
                          "apiId": "/providers/Microsoft.PowerApps/apis/shared_commondataserviceforapps"
                        },
                        "parameters": {
                          "entityName": "dteam_competencecarnets",
                          "item/dteam_name": "@outputs('Recuperation_de_la_Competence_du_modele')?['body/dteam_name']",
                          "item/dteam_carnetId@odata.bind": "dteam_carnets(@{outputs('Ajout_du_Carnet')?['body/dteam_carnetid']})",
                          "item/dteam_competencethemeId@odata.bind": "dteam_competencethemes(@{outputs('Recuperation_de_la_Competence_du_modele')?['body/dteam_competencethemeid']})",
                          "item/dteam_nbobservationsnbr": 0,
                          "item/dteam_nbobservationsavalidernbr": "@items('Creation_des_Competences_du_Theme')['Seuil']",
                          "item/dteam_nbobservationsvalidesnbr": 0,
                          "item/ownerid@odata.bind": "systemusers(@{triggerBody()['text_1']})",
                          "item/dteam_seuilnbr": 5,
                          "item/dteam_statutchoice": 402730000,
                          "item/dteam_themecarnetId@odata.bind": "dteam_themecarnets(@{outputs('Ajout_du_Theme')?['body/dteam_themecarnetid']})"
                        },
                        "authentication": "@parameters('$authentication')"
                      }
                    },
                    "Increment_variable": {
                      "runAfter": {
                        "Ajout_de_la_Competence_au_Carnet": [
                          "Succeeded"
                        ]
                      },
                      "metadata": {
                        "operationMetadataId": "ae5c3431-0e5f-4dac-b16d-6fb5e2d5a07e"
                      },
                      "type": "IncrementVariable",
                      "inputs": {
                        "name": "NbCompetencesTheme",
                        "value": 1
                      }
                    }
                  },
                  "runAfter": {},
                  "else": {
                    "actions": {
                      "Pas_le_bon_Theme": {
                        "runAfter": {},
                        "metadata": {
                          "operationMetadataId": "4397bd04-ac85-4f58-bca6-426098f871d5"
                        },
                        "type": "Compose",
                        "inputs": "Pas le bon Theme\n\n@{items('Creation_des_Competences_du_Theme')['Theme']} // @{items('Création_des_Thèmes_du_carnet')}"
                      }
                    }
                  },
                  "expression": {
                    "equals": [
                      "@items('Creation_des_Competences_du_Theme')['Theme']",
                      "@items('Création_des_Thèmes_du_carnet')"
                    ]
                  },
                  "metadata": {
                    "operationMetadataId": "231ec2a9-34f3-4973-a3cf-b7dc44fe0a7f"
                  },
                  "type": "If"
                }
              },
              "runAfter": {
                "Set_variable": [
                  "Succeeded"
                ]
              },
              "metadata": {
                "operationMetadataId": "3e0ae699-0b3c-4db2-9928-20cfd9b4111d"
              },
              "type": "Foreach",
              "runtimeConfiguration": {
                "concurrency": {
                  "repetitions": 50
                }
              }
            },
            "Set_variable": {
              "runAfter": {
                "Ajout_du_Theme": [
                  "Succeeded"
                ]
              },
              "metadata": {
                "operationMetadataId": "7391094c-1205-4234-b3af-a31dbc0b563a"
              },
              "type": "SetVariable",
              "inputs": {
                "name": "NbCompetencesTheme",
                "value": 0
              }
            },
            "Mise_a_jour_du_nombre_de_Competences_dans_le_Theme": {
              "runAfter": {
                "Creation_des_Competences_du_Theme": [
                  "Succeeded"
                ]
              },
              "metadata": {
                "operationMetadataId": "abf525d1-93fa-46b9-bcb3-d6da1672ee03"
              },
              "type": "OpenApiConnection",
              "inputs": {
                "host": {
                  "connectionName": "shared_commondataserviceforapps",
                  "operationId": "UpdateRecord",
                  "apiId": "/providers/Microsoft.PowerApps/apis/shared_commondataserviceforapps"
                },
                "parameters": {
                  "entityName": "dteam_themecarnets",
                  "recordId": "@outputs('Ajout_du_Theme')?['body/dteam_themecarnetid']",
                  "item/dteam_name": "@outputs('Ajout_du_Theme')?['body/dteam_name']",
                  "item/dteam_carnetId@odata.bind": "dteam_carnets(@{outputs('Ajout_du_Carnet')?['body/dteam_carnetid']})",
                  "item/dteam_nbcompetencesvalidesnbr": 0,
                  "item/dteam_nbcompetencesnbr": "@variables('NbCompetencesTheme')",
                  "item/dteam_niveau1txt": "@outputs('Ajout_du_Theme')?['body/dteam_niveau1txt']",
                  "item/dteam_niveau2txt": "@outputs('Ajout_du_Theme')?['body/dteam_niveau2txt']",
                  "item/dteam_niveau3txt": "@outputs('Ajout_du_Theme')?['body/dteam_niveau3txt']",
                  "item/ownerid@odata.bind": "systemusers(@{triggerBody()['text_1']})"
                },
                "authentication": "@parameters('$authentication')"
              }
            }
          },
          "runAfter": {
            "Distinct_Themes": [
              "Succeeded"
            ]
          },
          "metadata": {
            "operationMetadataId": "b7bf3188-33c5-4882-8854-7e13386d2c7b"
          },
          "type": "Foreach",
          "runtimeConfiguration": {
            "concurrency": {
              "repetitions": 50
            }
          }
        },
        "Parse_JSON_le_tableau_des_Competences_du_carnet": {
          "runAfter": {
            "Fermeture_du_tableau_JSON_des_Competences": [
              "Succeeded"
            ]
          },
          "metadata": {
            "operationMetadataId": "d2be88a3-64e0-46c8-ba5c-27507387331e"
          },
          "type": "ParseJson",
          "inputs": {
            "content": "@variables('Competences')",
            "schema": {
              "type": "array",
              "items": {
                "type": "object",
                "properties": {
                  "Theme": {
                    "type": "string"
                  },
                  "Competence": {
                    "type": "string"
                  },
                  "Seuil": {
                    "type": "integer"
                  }
                },
                "required": [
                  "Theme",
                  "Competence",
                  "Seuil"
                ]
              }
            }
          }
        },
        "Fermeture_du_tableau_JSON_des_Competences": {
          "runAfter": {
            "Apply_to_each": [
              "Succeeded"
            ]
          },
          "metadata": {
            "operationMetadataId": "4e79f35c-53f5-478d-b5b2-5351a3b8e03a"
          },
          "type": "AppendToStringVariable",
          "inputs": {
            "name": "Competences",
            "value": "]"
          }
        },
        "Initialisation_des_nombres_de_Competences_dans_un_Theme": {
          "runAfter": {
            "Initialisation_du_tableau_des_Themes": [
              "Succeeded"
            ]
          },
          "metadata": {
            "operationMetadataId": "941b8665-b3a8-46cc-9407-c65521aeb158"
          },
          "type": "InitializeVariable",
          "inputs": {
            "variables": [
              {
                "name": "NbCompetencesTheme",
                "type": "integer"
              }
            ]
          }
        },
        "Parse_JSON_Competences": {
          "runAfter": {},
          "metadata": {
            "operationMetadataId": "e4f1b95f-bd61-4221-97ba-0336c66f04cc"
          },
          "type": "ParseJson",
          "inputs": {
            "content": "@triggerBody()['text_4']",
            "schema": {
              "type": "array",
              "items": {
                "type": "object",
                "properties": {
                  "dteam_competencemodelecarnetid": {
                    "type": "string"
                  }
                },
                "required": [
                  "dteam_competencemodelecarnetid"
                ]
              }
            }
          }
        },
        "Ajout_du_compagnon_dans_le_groupe_de_sécurité_des_compagnons": {
          "actions": {
            "Get_a_row_by_ID_-_Récupération_du_compagnon": {
              "runAfter": {},
              "metadata": {
                "operationMetadataId": "e2316462-6d05-4972-a535-964a48fafc62"
              },
              "type": "OpenApiConnection",
              "inputs": {
                "host": {
                  "connectionName": "shared_commondataserviceforapps",
                  "operationId": "GetItem",
                  "apiId": "/providers/Microsoft.PowerApps/apis/shared_commondataserviceforapps"
                },
                "parameters": {
                  "entityName": "systemusers",
                  "recordId": "@triggerBody()['text_5']"
                },
                "authentication": "@parameters('$authentication')"
              }
            },
            "List_rows_-_Récupération_du_rôle_de_sécurité_Compagnon_de_la_BU": {
              "runAfter": {
                "Get_a_row_by_ID_-_Récupération_du_compagnon": [
                  "Succeeded"
                ]
              },
              "metadata": {
                "operationMetadataId": "8e86935f-3a7d-4fa2-b1d1-39607ad4b198"
              },
              "type": "OpenApiConnection",
              "inputs": {
                "host": {
                  "connectionName": "shared_commondataserviceforapps",
                  "operationId": "ListRecords",
                  "apiId": "/providers/Microsoft.PowerApps/apis/shared_commondataserviceforapps"
                },
                "parameters": {
                  "entityName": "roles",
                  "$filter": "(name eq '[DTEAM-CC]Compagnon') and (_businessunitid_value eq @{outputs('Get_a_row_by_ID_-_Récupération_du_compagnon')?['body/_businessunitid_value']})"
                },
                "authentication": "@parameters('$authentication')"
              }
            },
            "Relate_rows_-_Ajout_du_rôle_de_sécurité_au_compagnon": {
              "runAfter": {
                "List_rows_-_Récupération_du_rôle_de_sécurité_Compagnon_de_la_BU": [
                  "Succeeded"
                ]
              },
              "metadata": {
                "operationMetadataId": "4e58ddd9-d45c-4a08-9e2f-ab853b8a5534"
              },
              "type": "OpenApiConnection",
              "inputs": {
                "host": {
                  "connectionName": "shared_commondataserviceforapps",
                  "operationId": "AssociateEntities",
                  "apiId": "/providers/Microsoft.PowerApps/apis/shared_commondataserviceforapps"
                },
                "parameters": {
                  "entityName": "systemusers",
                  "recordId": "@outputs('Get_a_row_by_ID_-_Récupération_du_compagnon')?['body/systemuserid']",
                  "associationEntityRelationship": "systemuserroles_association",
                  "item/@odata.id": "@first(body('List_rows_-_Récupération_du_rôle_de_sécurité_Compagnon_de_la_BU')?['value'])?['@odata.id']"
                },
                "authentication": "@parameters('$authentication')"
              }
            }
          },
          "runAfter": {
            "Respond_to_a_PowerApp_or_flow": [
              "Succeeded"
            ]
          },
          "metadata": {
            "operationMetadataId": "63bf508b-a654-4c35-85ba-e9ca7ecf10bc"
          },
          "type": "Scope"
        }
      }
    },
    "templateName": ""
  },
  "schemaVersion": "1.0.0.0"
}