{
  "properties": {
    "connectionReferences": {
      "shared_commondataserviceforapps": {
        "runtimeSource": "embedded",
        "connection": {
          "connectionReferenceLogicalName": "dteam_sharedcommondataserviceforapps_11ec0"
        },
        "api": {
          "name": "shared_commondataserviceforapps"
        }
      }
    },
    "definition": {
      "$schema": "https://schema.management.azure.com/providers/Microsoft.Logic/schemas/2016-06-01/workflowdefinition.json#",
      "contentVersion": "1.0.0.0",
      "parameters": {
        "$connections": {
          "defaultValue": {},
          "type": "Object"
        },
        "$authentication": {
          "defaultValue": {},
          "type": "SecureObject"
        }
      },
      "triggers": {
        "manual": {
          "metadata": {
            "operationMetadataId": "700fa6c9-7c6a-425b-839f-8f73a8cb7ca7"
          },
          "type": "Request",
          "kind": "PowerAppV2",
          "inputs": {
            "schema": {
              "type": "object",
              "properties": {
                "text": {
                  "title": "Nom Modèle Carnet",
                  "type": "string",
                  "x-ms-dynamically-added": true,
                  "description": "Nom du modèle de carnet",
                  "x-ms-content-hint": "TEXT"
                },
                "text_1": {
                  "title": "Emploi_ID",
                  "type": "string",
                  "x-ms-dynamically-added": true,
                  "description": "ID de l'emploi du modèle de carnet",
                  "x-ms-content-hint": "TEXT"
                },
                "text_2": {
                  "title": "Compétences_ID_JSON",
                  "type": "string",
                  "x-ms-dynamically-added": true,
                  "description": "JSON des ID des compétences du modèle de carnet",
                  "x-ms-content-hint": "TEXT"
                },
                "text_3": {
                  "title": "Owner_Email",
                  "type": "string",
                  "x-ms-dynamically-added": true,
                  "description": "Email du propriétaire du modèle de carnet (Créateur)",
                  "x-ms-content-hint": "TEXT"
                }
              },
              "required": [
                "text",
                "text_1",
                "text_2",
                "text_3"
              ]
            }
          }
        }
      },
      "actions": {
        "Respond_to_a_PowerApp_or_flow": {
          "runAfter": {
            "Ajout_des_Competences_au_Modele": [
              "Succeeded"
            ]
          },
          "metadata": {
            "operationMetadataId": "964b3064-1553-4fb9-a918-4d46dc1544fb"
          },
          "type": "Response",
          "kind": "PowerApp",
          "inputs": {
            "statusCode": 200,
            "body": {
              "response": "OK"
            },
            "schema": {
              "type": "object",
              "properties": {
                "response": {
                  "title": "response",
                  "x-ms-dynamically-added": true,
                  "type": "string"
                }
              }
            }
          }
        },
        "Parse_JSON_Competences": {
          "runAfter": {},
          "metadata": {
            "operationMetadataId": "fbf16008-ad44-45fc-b2c9-a53a3197592c"
          },
          "type": "ParseJson",
          "inputs": {
            "content": "@triggerBody()['text_2']",
            "schema": {
              "type": "array",
              "items": {
                "type": "object",
                "properties": {
                  "dteam_competencethemeid": {
                    "type": "string"
                  },
                  "seuil": {
                    "type": "string"
                  }
                },
                "required": [
                  "dteam_competencethemeid"
                ]
              }
            }
          }
        },
        "Ajout_des_Competences_au_Modele": {
          "foreach": "@body('Parse_JSON_Competences')",
          "actions": {
            "Récupération_de_la_Competence": {
              "runAfter": {},
              "metadata": {
                "operationMetadataId": "f10ce12a-a836-4619-9d9c-8a060835570d"
              },
              "type": "OpenApiConnection",
              "inputs": {
                "host": {
                  "connectionName": "shared_commondataserviceforapps",
                  "operationId": "GetItem",
                  "apiId": "/providers/Microsoft.PowerApps/apis/shared_commondataserviceforapps"
                },
                "parameters": {
                  "entityName": "dteam_competencethemes",
                  "recordId": "@items('Ajout_des_Competences_au_Modele')['dteam_competencethemeid']"
                },
                "authentication": "@parameters('$authentication')"
              }
            },
            "Ajout_de_la_Competence_au_Modele": {
              "runAfter": {
                "Si_erreur_Seuil_par_defaut_a_5": [
                  "Succeeded",
                  "Skipped"
                ]
              },
              "metadata": {
                "operationMetadataId": "05ecc939-63d4-498f-82b8-e76c34241e02"
              },
              "type": "OpenApiConnection",
              "inputs": {
                "host": {
                  "connectionName": "shared_commondataserviceforapps",
                  "operationId": "CreateRecord",
                  "apiId": "/providers/Microsoft.PowerApps/apis/shared_commondataserviceforapps"
                },
                "parameters": {
                  "entityName": "dteam_competencemodelecarnets",
                  "item/dteam_name": "@{outputs('Creation_du_Modele')?['body/dteam_name']}-@{variables('NbCompetences')}",
                  "item/dteam_competencethemeId@odata.bind": "dteam_competencethemes(@{outputs('Récupération_de_la_Competence')?['body/dteam_competencethemeid']})",
                  "item/dteam_modelecarnetId@odata.bind": "dteam_modelecarnets(@{outputs('Creation_du_Modele')?['body/dteam_modelecarnetid']})",
                  "item/ownerid@odata.bind": "@variables('Proprietaire')",
                  "item/dteam_seuilnbr": "@variables('Seuil')"
                },
                "authentication": "@parameters('$authentication')"
              }
            },
            "Increment_variable": {
              "runAfter": {
                "Récupération_de_la_Competence": [
                  "Succeeded"
                ]
              },
              "metadata": {
                "operationMetadataId": "1a3cb90d-8d69-40c6-a155-6129f74d67b0"
              },
              "type": "IncrementVariable",
              "inputs": {
                "name": "NbCompetences",
                "value": 1
              }
            },
            "Verification_si_Seuil_entre_est_un_entier": {
              "runAfter": {
                "Increment_variable": [
                  "Succeeded"
                ]
              },
              "metadata": {
                "operationMetadataId": "98fd742b-1517-4a4e-b83f-262a5af77da7"
              },
              "type": "SetVariable",
              "inputs": {
                "name": "Seuil",
                "value": "@int(items('Ajout_des_Competences_au_Modele')['seuil'])"
              }
            },
            "Si_erreur_Seuil_par_defaut_a_5": {
              "runAfter": {
                "Verification_si_Seuil_entre_est_un_entier": [
                  "Failed"
                ]
              },
              "metadata": {
                "operationMetadataId": "1e3a94cf-16a8-450f-8264-653a70c81042"
              },
              "type": "SetVariable",
              "inputs": {
                "name": "Seuil",
                "value": 5
              }
            }
          },
          "runAfter": {
            "Initialisation_Variable_-_Seuil": [
              "Succeeded"
            ]
          },
          "metadata": {
            "operationMetadataId": "9681cd9c-5bc9-4034-bad5-dbaada151312"
          },
          "type": "Foreach",
          "runtimeConfiguration": {
            "concurrency": {
              "repetitions": 50
            }
          }
        },
        "Initialisation_Variable_-_Nb_Competences": {
          "runAfter": {
            "Creation_du_Modele": [
              "Succeeded"
            ]
          },
          "metadata": {
            "operationMetadataId": "091bb0c7-db0a-42aa-9a22-2c5bc69b3cd4"
          },
          "type": "InitializeVariable",
          "inputs": {
            "variables": [
              {
                "name": "NbCompetences",
                "type": "integer",
                "value": 0
              }
            ]
          }
        },
        "Initialisation_Variable_-_Seuil": {
          "runAfter": {
            "Initialisation_Variable_-_Nb_Competences": [
              "Succeeded"
            ]
          },
          "metadata": {
            "operationMetadataId": "db307630-feb1-497d-a02d-cd083688511d"
          },
          "type": "InitializeVariable",
          "inputs": {
            "variables": [
              {
                "name": "Seuil",
                "type": "integer",
                "value": 1
              }
            ]
          }
        },
        "Creation_du_Modele": {
          "runAfter": {
            "Initialize_variable_-_Proprietaire": [
              "Succeeded"
            ]
          },
          "metadata": {
            "operationMetadataId": "a9bcbb4f-b61f-4cd2-9d04-113bf867fd23"
          },
          "type": "OpenApiConnection",
          "inputs": {
            "host": {
              "connectionName": "shared_commondataserviceforapps",
              "operationId": "CreateRecord",
              "apiId": "/providers/Microsoft.PowerApps/apis/shared_commondataserviceforapps"
            },
            "parameters": {
              "entityName": "dteam_modelecarnets",
              "item/dteam_name": "@triggerBody()['text']",
              "item/dteam_emploiId@odata.bind": "dteam_emplois(@{triggerBody()['text_1']})",
              "item/ownerid@odata.bind": "@variables('Proprietaire')"
            },
            "authentication": "@parameters('$authentication')"
          }
        },
        "Recuperation_du_createur_du_modele": {
          "runAfter": {
            "Parse_JSON_Competences": [
              "Succeeded"
            ]
          },
          "metadata": {
            "operationMetadataId": "4385b2da-0053-47ec-9b78-b23b322fdede"
          },
          "type": "OpenApiConnection",
          "inputs": {
            "host": {
              "connectionName": "shared_commondataserviceforapps",
              "operationId": "ListRecords",
              "apiId": "/providers/Microsoft.PowerApps/apis/shared_commondataserviceforapps"
            },
            "parameters": {
              "entityName": "systemusers",
              "$filter": "internalemailaddress eq '@{triggerBody()['text_3']}'"
            },
            "authentication": "@parameters('$authentication')"
          }
        },
        "Initialize_variable_-_Proprietaire": {
          "runAfter": {
            "Recuperation_du_createur_du_modele": [
              "Succeeded"
            ]
          },
          "metadata": {
            "operationMetadataId": "d7be673c-e084-458f-8f15-eca661ef0479"
          },
          "type": "InitializeVariable",
          "inputs": {
            "variables": [
              {
                "name": "Proprietaire",
                "type": "string",
                "value": "systemusers(@{first(outputs('Recuperation_du_createur_du_modele')?['body/value'])?['systemuserid']})"
              }
            ]
          }
        }
      }
    },
    "templateName": ""
  },
  "schemaVersion": "1.0.0.0"
}