{
  "properties": {
    "connectionReferences": {
      "shared_dataflows": {
        "runtimeSource": "invoker",
        "connection": {
          "connectionReferenceLogicalName": "dteam_shareddataflows_4dd30"
        },
        "api": {
          "name": "shared_dataflows"
        }
      }
    },
    "definition": {
      "$schema": "https://schema.management.azure.com/providers/Microsoft.Logic/schemas/2016-06-01/workflowdefinition.json#",
      "contentVersion": "1.0.0.0",
      "parameters": {
        "$authentication": {
          "defaultValue": {},
          "type": "SecureObject"
        },
        "$connections": {
          "defaultValue": {},
          "type": "Object"
        },
        "Dataflow_GUID (dteam_Dataflow_GUID)": {
          "defaultValue": "c9ffaab7-c622-43dc-8d03-c060b82d1a74",
          "type": "String",
          "metadata": {
            "schemaName": "dteam_Dataflow_GUID",
            "description": "GUID du dataflow de gestion des habilitations"
          }
        },
        "Environnement_ID (dteam_Environnement_ID)": {
          "defaultValue": "551fdcb7-420f-e57c-96d5-ba2707d19e4b",
          "type": "String",
          "metadata": {
            "schemaName": "dteam_Environnement_ID"
          }
        }
      },
      "triggers": {
        "manual": {
          "metadata": {
            "operationMetadataId": "56200ca2-32b1-40f7-80cf-02ec6bd6b0ec"
          },
          "type": "Request",
          "kind": "PowerAppV2",
          "inputs": {
            "schema": {
              "type": "object",
              "properties": {},
              "required": []
            }
          }
        }
      },
      "actions": {
        "Refresh_a_dataflow": {
          "runAfter": {},
          "metadata": {
            "operationMetadataId": "da6fe985-ddac-4247-9920-4d2d35d5a9d6"
          },
          "type": "OpenApiConnection",
          "inputs": {
            "parameters": {
              "workspaceType": "Environment",
              "groupIdForRefreshDataflow": "@{parameters('Environnement_ID (dteam_Environnement_ID)')}-31c688f59-europe",
              "dataflowIdForRefreshDataflow": "@parameters('Dataflow_GUID (dteam_Dataflow_GUID)')"
            },
            "host": {
              "apiId": "/providers/Microsoft.PowerApps/apis/shared_dataflows",
              "operationId": "RefreshDataflow",
              "connectionName": "shared_dataflows"
            }
          }
        },
        "Respond_to_a_PowerApp_or_flow": {
          "runAfter": {
            "Refresh_a_dataflow": [
              "Succeeded"
            ]
          },
          "type": "Response",
          "kind": "PowerApp",
          "inputs": {
            "schema": {
              "type": "object",
              "properties": {
                "response": {
                  "title": "response",
                  "type": "string",
                  "x-ms-content-hint": "TEXT",
                  "x-ms-dynamically-added": true
                }
              },
              "additionalProperties": {}
            },
            "statusCode": 200,
            "body": {
              "response": "200"
            }
          }
        },
        "Respond_to_a_PowerApp_or_flow_1": {
          "runAfter": {
            "Refresh_a_dataflow": [
              "Failed",
              "TimedOut"
            ]
          },
          "type": "Response",
          "kind": "PowerApp",
          "inputs": {
            "schema": {
              "type": "object",
              "properties": {
                "response": {
                  "title": "response",
                  "type": "string",
                  "x-ms-content-hint": "TEXT",
                  "x-ms-dynamically-added": true
                }
              },
              "additionalProperties": {}
            },
            "statusCode": 200,
            "body": {
              "response": "500"
            }
          }
        }
      }
    },
    "templateName": null
  },
  "schemaVersion": "1.0.0.0"
}