{
  "properties": {
    "connectionReferences": {
      "shared_commondataserviceforapps": {
        "runtimeSource": "embedded",
        "connection": {
          "connectionReferenceLogicalName": "dteam_sharedcommondataserviceforapps_11ec0"
        },
        "api": {
          "name": "shared_commondataserviceforapps"
        }
      }
    },
    "definition": {
      "$schema": "https://schema.management.azure.com/providers/Microsoft.Logic/schemas/2016-06-01/workflowdefinition.json#",
      "contentVersion": "1.0.0.0",
      "parameters": {
        "$connections": {
          "defaultValue": {},
          "type": "Object"
        },
        "$authentication": {
          "defaultValue": {},
          "type": "SecureObject"
        }
      },
      "triggers": {
        "Quand_un_seuil_est_modifie": {
          "metadata": {
            "operationMetadataId": "340c1a95-b52e-4a6c-88e8-12e7f05c8216"
          },
          "type": "OpenApiConnectionWebhook",
          "inputs": {
            "host": {
              "connectionName": "shared_commondataserviceforapps",
              "operationId": "SubscribeWebhookTrigger",
              "apiId": "/providers/Microsoft.PowerApps/apis/shared_commondataserviceforapps"
            },
            "parameters": {
              "subscriptionRequest/message": 3,
              "subscriptionRequest/entityname": "dteam_competencecarnet",
              "subscriptionRequest/scope": 4,
              "subscriptionRequest/filteringattributes": "dteam_nbobservationsavalidernbr",
              "subscriptionRequest/runas": 2
            },
            "authentication": "@parameters('$authentication')"
          }
        }
      },
      "actions": {
        "Verification_si_la_competence_a_des_observations": {
          "actions": {
            "Verification_si_la_competence_est_maintenant_valide": {
              "actions": {
                "Compteence_validee": {
                  "runAfter": {},
                  "metadata": {
                    "operationMetadataId": "4de7730f-d276-437b-9c3e-e2c7b545972d"
                  },
                  "type": "OpenApiConnection",
                  "inputs": {
                    "host": {
                      "connectionName": "shared_commondataserviceforapps",
                      "operationId": "UpdateRecord",
                      "apiId": "/providers/Microsoft.PowerApps/apis/shared_commondataserviceforapps"
                    },
                    "parameters": {
                      "entityName": "dteam_competencecarnets",
                      "recordId": "@triggerOutputs()?['body/dteam_competencecarnetid']",
                      "item/dteam_name": "@triggerOutputs()?['body/dteam_name']",
                      "item/dteam_statutchoice": 402730002
                    },
                    "authentication": "@parameters('$authentication')"
                  }
                }
              },
              "runAfter": {},
              "else": {
                "actions": {
                  "Competence_en_cours_de_validation": {
                    "runAfter": {},
                    "metadata": {
                      "operationMetadataId": "4de7730f-d276-437b-9c3e-e2c7b545972d"
                    },
                    "type": "OpenApiConnection",
                    "inputs": {
                      "host": {
                        "connectionName": "shared_commondataserviceforapps",
                        "operationId": "UpdateRecord",
                        "apiId": "/providers/Microsoft.PowerApps/apis/shared_commondataserviceforapps"
                      },
                      "parameters": {
                        "entityName": "dteam_competencecarnets",
                        "recordId": "@triggerOutputs()?['body/dteam_competencecarnetid']",
                        "item/dteam_name": "@triggerOutputs()?['body/dteam_name']",
                        "item/dteam_statutchoice": 402730001
                      },
                      "authentication": "@parameters('$authentication')"
                    }
                  }
                }
              },
              "expression": {
                "greaterOrEquals": [
                  "@triggerOutputs()?['body/dteam_nbobservationsvalidesnbr']",
                  "@triggerOutputs()?['body/dteam_nbobservationsavalidernbr']"
                ]
              },
              "metadata": {
                "operationMetadataId": "86d57260-0e61-421a-b2f6-986ec7a1afbd"
              },
              "type": "If"
            }
          },
          "runAfter": {},
          "else": {
            "actions": {
              "Competence_non_validee": {
                "runAfter": {},
                "metadata": {
                  "operationMetadataId": "4de7730f-d276-437b-9c3e-e2c7b545972d"
                },
                "type": "OpenApiConnection",
                "inputs": {
                  "host": {
                    "connectionName": "shared_commondataserviceforapps",
                    "operationId": "UpdateRecord",
                    "apiId": "/providers/Microsoft.PowerApps/apis/shared_commondataserviceforapps"
                  },
                  "parameters": {
                    "entityName": "dteam_competencecarnets",
                    "recordId": "@triggerOutputs()?['body/dteam_competencecarnetid']",
                    "item/dteam_name": "@triggerOutputs()?['body/dteam_name']",
                    "item/dteam_statutchoice": 402730000
                  },
                  "authentication": "@parameters('$authentication')"
                }
              }
            }
          },
          "expression": {
            "greater": [
              "@triggerOutputs()?['body/dteam_nbobservationsvalidesnbr']",
              0
            ]
          },
          "metadata": {
            "operationMetadataId": "098aa7ff-3eab-41c0-be9e-2cc04a575645"
          },
          "type": "If"
        }
      }
    },
    "templateName": ""
  },
  "schemaVersion": "1.0.0.0"
}