{
  "properties": {
    "connectionReferences": {
      "shared_commondataserviceforapps": {
        "runtimeSource": "embedded",
        "connection": {
          "connectionReferenceLogicalName": "dteam_sharedcommondataserviceforapps_11ec0"
        },
        "api": {
          "name": "shared_commondataserviceforapps"
        }
      },
      "shared_approvals": {
        "runtimeSource": "invoker",
        "connection": {
          "connectionReferenceLogicalName": "dteam_sharedapprovals_27ee3"
        },
        "api": {
          "name": "shared_approvals"
        }
      }
    },
    "definition": {
      "$schema": "https://schema.management.azure.com/providers/Microsoft.Logic/schemas/2016-06-01/workflowdefinition.json#",
      "contentVersion": "1.0.0.0",
      "parameters": {
        "$connections": {
          "defaultValue": {},
          "type": "Object"
        },
        "$authentication": {
          "defaultValue": {},
          "type": "SecureObject"
        }
      },
      "triggers": {
        "manual": {
          "metadata": {
            "operationMetadataId": "e909cd8e-c7c7-472d-ab51-261197b93661"
          },
          "type": "Request",
          "kind": "PowerAppV2",
          "inputs": {
            "schema": {
              "type": "object",
              "properties": {
                "date": {
                  "title": "Date d'Observation",
                  "type": "string",
                  "format": "date",
                  "x-ms-dynamically-added": true,
                  "description": "Date de l'Observation",
                  "x-ms-content-hint": "DATE"
                },
                "text": {
                  "title": "Contexte",
                  "type": "string",
                  "x-ms-dynamically-added": true,
                  "description": "Contexte de l'Observation",
                  "x-ms-content-hint": "TEXT"
                },
                "text_1": {
                  "title": "Commentaire",
                  "type": "string",
                  "x-ms-dynamically-added": true,
                  "description": "Commentaire de l'Observation",
                  "x-ms-content-hint": "TEXT"
                },
                "text_2": {
                  "title": "Competences_ID",
                  "type": "string",
                  "x-ms-dynamically-added": true,
                  "description": "ID des Compétences associées à l'Observation",
                  "x-ms-content-hint": "TEXT"
                },
                "text_3": {
                  "title": "Carnet_ID",
                  "type": "string",
                  "x-ms-dynamically-added": true,
                  "description": "ID du Carnet",
                  "x-ms-content-hint": "TEXT"
                }
              },
              "required": [
                "date",
                "text",
                "text_1",
                "text_2",
                "text_3"
              ]
            }
          }
        }
      },
      "actions": {
        "Notes": {
          "runAfter": {},
          "metadata": {
            "operationMetadataId": "bbc00602-1c67-456f-805b-da36d86521e6"
          },
          "type": "Compose",
          "inputs": "1/Ajout de l'Observation dans la table Observation avec comme \"Etat de Validation\" : \"En Attente de validation\"\n2/Demande d'approbation au compagnon\n3/SI Validation de la part du compagnon\n3.1/ Vérification si le nombre d'observations a atteint le seuil d'observations\n3.1.1/ SI OUI : Passage de la compétence à \"Validée\"\n3.1.1.1/ Incrementation de 1 du nombre de compétences du Thème validée\n3.1.2.2/ ? Vérification si toutes les compétences du Thème sont validée\n3.2.1/ SI NON : Rien\n3.3.1/ SI Première Observation de la Compétence : Passage à \"En Cours\""
        },
        "Parse_JSON": {
          "runAfter": {
            "Notes": [
              "Succeeded"
            ]
          },
          "metadata": {
            "operationMetadataId": "694bc31b-bb25-4f1c-b3d2-d3f305fafc0f"
          },
          "type": "ParseJson",
          "inputs": {
            "content": "@triggerBody()['text_2']",
            "schema": {
              "type": "array",
              "items": {
                "type": "object",
                "properties": {
                  "dteam_competencecarnetid": {
                    "type": "string"
                  }
                },
                "required": [
                  "dteam_competencecarnetid"
                ]
              }
            }
          }
        },
        "Variable_:_Nb_Observations": {
          "runAfter": {
            "Parse_JSON": [
              "Succeeded"
            ]
          },
          "metadata": {
            "operationMetadataId": "9078060d-58f7-481f-90e8-16958afb6973"
          },
          "type": "InitializeVariable",
          "inputs": {
            "variables": [
              {
                "name": "NbObservationsCompetence",
                "type": "integer",
                "value": 1
              }
            ]
          }
        },
        "Ajout_d'une_nouvelle_Observation": {
          "runAfter": {
            "Get_a_row_by_ID_:_Récupération_de_l'apprenant": [
              "Succeeded"
            ]
          },
          "metadata": {
            "operationMetadataId": "f6fc5bca-389d-4141-85a7-46f9809a444d"
          },
          "type": "OpenApiConnection",
          "inputs": {
            "host": {
              "connectionName": "shared_commondataserviceforapps",
              "operationId": "CreateRecord",
              "apiId": "/providers/Microsoft.PowerApps/apis/shared_commondataserviceforapps"
            },
            "parameters": {
              "entityName": "dteam_observations",
              "item/dteam_name": "Observation-@{utcNow()}",
              "item/dteam_contextetxt": "@triggerBody()['text']",
              "item/dteam_dateobservationdt": "@triggerBody()['date']",
              "item/dteam_tatdevalidationchoice": 402730000,
              "item/ownerid@odata.bind": "systemusers(@{outputs('Récupération_du_Carnet')?['body/_ownerid_value']})",
              "item/dteam_textemlt": "@triggerBody()['text_1']"
            },
            "authentication": "@parameters('$authentication')"
          }
        },
        "Respond_to_a_PowerApp_or_flow": {
          "runAfter": {
            "Apply_to_each_2": [
              "Succeeded"
            ]
          },
          "metadata": {
            "operationMetadataId": "658d694b-8579-4510-8445-feacae444037"
          },
          "type": "Response",
          "kind": "PowerApp",
          "inputs": {
            "statusCode": 200,
            "body": {
              "response": "OK"
            },
            "schema": {
              "type": "object",
              "properties": {
                "response": {
                  "title": "response",
                  "x-ms-dynamically-added": true,
                  "type": "string"
                }
              }
            }
          }
        },
        "Variable_:_Mail_du_Compagnon": {
          "runAfter": {
            "Variable_:_Nom_des_Thèmes_Valides": [
              "Succeeded"
            ]
          },
          "metadata": {
            "operationMetadataId": "65895766-1a8e-4034-8032-53ec8f6a55c3"
          },
          "type": "InitializeVariable",
          "inputs": {
            "variables": [
              {
                "name": "EmailCompagnon",
                "type": "string"
              }
            ]
          }
        },
        "Mail_du_Compagnon": {
          "actions": {
            "Récupération_du_Carnet": {
              "runAfter": {},
              "metadata": {
                "operationMetadataId": "a4944647-4058-4a0c-aab1-97cfc3081c86"
              },
              "type": "OpenApiConnection",
              "inputs": {
                "host": {
                  "connectionName": "shared_commondataserviceforapps",
                  "operationId": "GetItem",
                  "apiId": "/providers/Microsoft.PowerApps/apis/shared_commondataserviceforapps"
                },
                "parameters": {
                  "entityName": "dteam_carnets",
                  "recordId": "@triggerBody()['text_3']"
                },
                "authentication": "@parameters('$authentication')"
              }
            },
            "Récupération_du_Compagnon": {
              "runAfter": {
                "Récupération_du_Carnet": [
                  "Succeeded"
                ]
              },
              "metadata": {
                "operationMetadataId": "531dcbec-1461-49f1-8868-98a1d6e30435"
              },
              "type": "OpenApiConnection",
              "inputs": {
                "host": {
                  "connectionName": "shared_commondataserviceforapps",
                  "operationId": "GetItem",
                  "apiId": "/providers/Microsoft.PowerApps/apis/shared_commondataserviceforapps"
                },
                "parameters": {
                  "entityName": "systemusers",
                  "recordId": "@outputs('Récupération_du_Carnet')?['body/_dteam_compagnonid_value']"
                },
                "authentication": "@parameters('$authentication')"
              }
            },
            "Set_variable": {
              "runAfter": {
                "Récupération_du_Compagnon": [
                  "Succeeded"
                ]
              },
              "metadata": {
                "operationMetadataId": "a9a82769-4ce4-4300-8f89-3386b5a584f7"
              },
              "type": "SetVariable",
              "inputs": {
                "name": "EmailCompagnon",
                "value": "@outputs('Récupération_du_Compagnon')?['body/internalemailaddress']"
              }
            }
          },
          "runAfter": {
            "Variable_:_Mail_du_Compagnon": [
              "Succeeded"
            ]
          },
          "metadata": {
            "operationMetadataId": "11607966-89ff-4054-83de-e60794cf4d72"
          },
          "type": "Scope"
        },
        "Début_du_flux_d'approbation_de_l'Observation": {
          "runAfter": {
            "Ajout_d'une_News_pour_le_Compagnon": [
              "Succeeded"
            ]
          },
          "metadata": {
            "operationMetadataId": "dfa4a3f2-53fc-482f-99ea-1c72e8b0e903"
          },
          "type": "OpenApiConnectionWebhook",
          "inputs": {
            "host": {
              "connectionName": "shared_approvals",
              "operationId": "StartAndWaitForAnApproval",
              "apiId": "/providers/Microsoft.PowerApps/apis/shared_approvals"
            },
            "parameters": {
              "approvalType": "Basic",
              "WebhookApprovalCreationInput/title": "Nouvelle auto-observation à traiter",
              "WebhookApprovalCreationInput/assignedTo": "@{variables('EmailCompagnon')};",
              "WebhookApprovalCreationInput/details": "Bonjour,\nUne nouvelle auto-observation a été ajoutée pour le carnet de @{outputs('Get_a_row_by_ID_:_Récupération_de_l''apprenant')?['body/fullname']}.\n\nCompétences concernées par l'auto-observation :\n@{variables('NomCompetences')}\n\nContexe de l'auto-observation : @{outputs('Ajout_d''une_nouvelle_Observation')?['body/dteam_contextetxt']}\n\nDescription :\n@{outputs('Ajout_d''une_nouvelle_Observation')?['body/dteam_textemlt']}",
              "WebhookApprovalCreationInput/enableNotifications": true,
              "WebhookApprovalCreationInput/enableReassignment": true
            },
            "authentication": "@parameters('$authentication')"
          }
        },
        "Apply_to_each": {
          "foreach": "@outputs('Début_du_flux_d''approbation_de_l''Observation')?['body/responses']",
          "actions": {
            "Condition": {
              "actions": {
                "Mise_à_jour_de_l'Observation_-_Approuvé": {
                  "runAfter": {},
                  "metadata": {
                    "operationMetadataId": "c947f113-cb83-4b2b-b89d-cae54de64131"
                  },
                  "type": "OpenApiConnection",
                  "inputs": {
                    "host": {
                      "connectionName": "shared_commondataserviceforapps",
                      "operationId": "UpdateRecord",
                      "apiId": "/providers/Microsoft.PowerApps/apis/shared_commondataserviceforapps"
                    },
                    "parameters": {
                      "entityName": "dteam_observations",
                      "recordId": "@outputs('Ajout_d''une_nouvelle_Observation')?['body/dteam_observationid']",
                      "item/dteam_name": "@outputs('Ajout_d''une_nouvelle_Observation')?['body/dteam_name']",
                      "item/dteam_contextetxt": "@outputs('Ajout_d''une_nouvelle_Observation')?['body/dteam_contextetxt']",
                      "item/dteam_dateobservationdt": "@outputs('Ajout_d''une_nouvelle_Observation')?['body/dteam_dateobservationdt']",
                      "item/dteam_tatdevalidationchoice": 402730001,
                      "item/dteam_textemlt": "@outputs('Ajout_d''une_nouvelle_Observation')?['body/dteam_textemlt']"
                    },
                    "authentication": "@parameters('$authentication')"
                  }
                },
                "Apply_to_each_3": {
                  "foreach": "@body('Parse_JSON')",
                  "actions": {
                    "Récupération_de_la_Compétence_de_l'Observation_validée": {
                      "runAfter": {},
                      "metadata": {
                        "operationMetadataId": "f1afef5c-b907-42f4-a9da-b4385fd871bc"
                      },
                      "type": "OpenApiConnection",
                      "inputs": {
                        "host": {
                          "connectionName": "shared_commondataserviceforapps",
                          "operationId": "GetItem",
                          "apiId": "/providers/Microsoft.PowerApps/apis/shared_commondataserviceforapps"
                        },
                        "parameters": {
                          "entityName": "dteam_competencecarnets",
                          "recordId": "@items('Apply_to_each_3')['dteam_competencecarnetid']"
                        },
                        "authentication": "@parameters('$authentication')"
                      }
                    },
                    "Incrementation_du_nombre_d'Observation_validées_de_la_Competence": {
                      "runAfter": {
                        "Récupération_de_la_Compétence_de_l'Observation_validée": [
                          "Succeeded"
                        ]
                      },
                      "metadata": {
                        "operationMetadataId": "5b45456b-dde8-4637-8781-04418baff63f"
                      },
                      "type": "SetVariable",
                      "inputs": {
                        "name": "NbObservationValides",
                        "value": "@add(outputs('Récupération_de_la_Compétence_de_l''Observation_validée')?['body/dteam_nbobservationsvalidesnbr'], 1)"
                      }
                    },
                    "Verification_si_la_Compétence_est_validée": {
                      "actions": {
                        "Update_a_row": {
                          "runAfter": {},
                          "metadata": {
                            "operationMetadataId": "a785f432-fdd6-4666-a8e8-a40acadb2ed7"
                          },
                          "type": "OpenApiConnection",
                          "inputs": {
                            "host": {
                              "connectionName": "shared_commondataserviceforapps",
                              "operationId": "UpdateRecord",
                              "apiId": "/providers/Microsoft.PowerApps/apis/shared_commondataserviceforapps"
                            },
                            "parameters": {
                              "entityName": "dteam_competencecarnets",
                              "recordId": "@outputs('Récupération_de_la_Compétence_de_l''Observation_validée')?['body/dteam_competencecarnetid']",
                              "item/dteam_name": "@outputs('Récupération_de_la_Compétence_de_l''Observation_validée')?['body/dteam_name']",
                              "item/dteam_nbobservationsnbr": "@outputs('Récupération_de_la_Compétence_de_l''Observation_validée')?['body/dteam_nbobservationsnbr']",
                              "item/dteam_nbobservationsavalidernbr": "@outputs('Récupération_de_la_Compétence_de_l''Observation_validée')?['body/dteam_nbobservationsavalidernbr']",
                              "item/dteam_nbobservationsvalidesnbr": "@variables('NbObservationValides')",
                              "item/dteam_seuilnbr": "@outputs('Récupération_de_la_Compétence_de_l''Observation_validée')?['body/dteam_seuilnbr']",
                              "item/dteam_statutchoice": 402730002
                            },
                            "authentication": "@parameters('$authentication')"
                          }
                        },
                        "Recuperation_du_nom_de_la_Compétence_validée": {
                          "runAfter": {
                            "Update_a_row": [
                              "Succeeded"
                            ]
                          },
                          "metadata": {
                            "operationMetadataId": "6cc6c5b6-bb21-4b9a-be42-3f1e54ddad34"
                          },
                          "type": "AppendToStringVariable",
                          "inputs": {
                            "name": "NomCompetencesValides",
                            "value": "- @{outputs('Récupération_de_la_Compétence_de_l''Observation_validée')?['body/dteam_name']}\n"
                          }
                        },
                        "Recuperation_du_Theme_de_la_competence": {
                          "runAfter": {
                            "Recuperation_du_nom_de_la_Compétence_validée": [
                              "Succeeded"
                            ]
                          },
                          "metadata": {
                            "operationMetadataId": "3699a576-2d8f-454e-abee-50f991ce18ba"
                          },
                          "type": "OpenApiConnection",
                          "inputs": {
                            "host": {
                              "connectionName": "shared_commondataserviceforapps",
                              "operationId": "GetItem",
                              "apiId": "/providers/Microsoft.PowerApps/apis/shared_commondataserviceforapps"
                            },
                            "parameters": {
                              "entityName": "dteam_themecarnets",
                              "recordId": "@outputs('Récupération_de_la_Compétence_de_l''Observation_validée')?['body/_dteam_themecarnetid_value']"
                            },
                            "authentication": "@parameters('$authentication')"
                          }
                        },
                        "Vérification_si_le_Thème_n'est_pas_déjà_validé": {
                          "actions": {
                            "Mise_à_jour_du_Theme_en_Valide": {
                              "runAfter": {},
                              "metadata": {
                                "operationMetadataId": "fcce4ad7-8aee-40a1-8f5c-44c304ac0f45"
                              },
                              "type": "OpenApiConnection",
                              "inputs": {
                                "host": {
                                  "connectionName": "shared_commondataserviceforapps",
                                  "operationId": "UpdateRecord",
                                  "apiId": "/providers/Microsoft.PowerApps/apis/shared_commondataserviceforapps"
                                },
                                "parameters": {
                                  "entityName": "dteam_themecarnets",
                                  "recordId": "@outputs('Recuperation_du_Theme_de_la_competence')?['body/dteam_themecarnetid']",
                                  "item/dteam_name": "@outputs('Recuperation_du_Theme_de_la_competence')?['body/dteam_name']",
                                  "item/dteam_etatdevalidationbool": true,
                                  "item/dteam_niveau1txt": "@outputs('Recuperation_du_Theme_de_la_competence')?['body/dteam_niveau1txt']",
                                  "item/dteam_niveau2txt": "@outputs('Recuperation_du_Theme_de_la_competence')?['body/dteam_niveau2txt']",
                                  "item/dteam_niveau3txt": "@outputs('Recuperation_du_Theme_de_la_competence')?['body/dteam_niveau3txt']"
                                },
                                "authentication": "@parameters('$authentication')"
                              }
                            },
                            "Ajout_du_nom_du_Theme_dans_la_liste_des_Themes_valides": {
                              "runAfter": {
                                "Mise_à_jour_du_Theme_en_Valide": [
                                  "Succeeded"
                                ]
                              },
                              "metadata": {
                                "operationMetadataId": "124818a8-59bf-4e30-aa02-fcd225122633"
                              },
                              "type": "SetVariable",
                              "inputs": {
                                "name": "NomThemesValides",
                                "value": "- @{outputs('Recuperation_du_Theme_de_la_competence')?['body/dteam_name']}\n"
                              }
                            }
                          },
                          "runAfter": {
                            "Recuperation_du_Theme_de_la_competence": [
                              "Succeeded"
                            ]
                          },
                          "expression": {
                            "and": [
                              {
                                "equals": [
                                  "@outputs('Recuperation_du_Theme_de_la_competence')?['body/dteam_nbcompetencenbr']",
                                  "@outputs('Recuperation_du_Theme_de_la_competence')?['body/dteam_nbcompetencesvalidenbr']"
                                ]
                              },
                              {
                                "equals": [
                                  "@outputs('Recuperation_du_Theme_de_la_competence')?['body/dteam_etatdevalidationbool']",
                                  "@false"
                                ]
                              }
                            ]
                          },
                          "metadata": {
                            "operationMetadataId": "cf94e91b-6966-4db0-a532-875c04252c7b"
                          },
                          "type": "If"
                        }
                      },
                      "runAfter": {
                        "Incrementation_du_nombre_d'Observation_validées_de_la_Competence": [
                          "Succeeded"
                        ]
                      },
                      "else": {
                        "actions": {
                          "Update_a_row_2": {
                            "runAfter": {},
                            "metadata": {
                              "operationMetadataId": "fdcbc84f-9346-4bab-b134-1d16c8d4b244"
                            },
                            "type": "OpenApiConnection",
                            "inputs": {
                              "host": {
                                "connectionName": "shared_commondataserviceforapps",
                                "operationId": "UpdateRecord",
                                "apiId": "/providers/Microsoft.PowerApps/apis/shared_commondataserviceforapps"
                              },
                              "parameters": {
                                "entityName": "dteam_competencecarnets",
                                "recordId": "@outputs('Récupération_de_la_Compétence_de_l''Observation_validée')?['body/dteam_competencecarnetid']",
                                "item/dteam_name": "@outputs('Récupération_de_la_Compétence_de_l''Observation_validée')?['body/dteam_name']",
                                "item/dteam_nbobservationsnbr": "@outputs('Récupération_de_la_Compétence_de_l''Observation_validée')?['body/dteam_nbobservationsnbr']",
                                "item/dteam_nbobservationsavalidernbr": "@outputs('Récupération_de_la_Compétence_de_l''Observation_validée')?['body/dteam_nbobservationsavalidernbr']",
                                "item/dteam_nbobservationsvalidesnbr": "@variables('NbObservationValides')",
                                "item/dteam_seuilnbr": "@outputs('Récupération_de_la_Compétence_de_l''Observation_validée')?['body/dteam_seuilnbr']",
                                "item/dteam_statutchoice": 402730001
                              },
                              "authentication": "@parameters('$authentication')"
                            }
                          }
                        }
                      },
                      "expression": {
                        "greaterOrEquals": [
                          "@variables('NbObservationValides')",
                          "@outputs('Récupération_de_la_Compétence_de_l''Observation_validée')?['body/dteam_nbobservationsavalidernbr']"
                        ]
                      },
                      "metadata": {
                        "operationMetadataId": "2eb151df-773e-46a4-98a4-18bbe5d0ef29"
                      },
                      "type": "If"
                    }
                  },
                  "runAfter": {
                    "Ajout_d'une_News_pour_l'Apprenant_OK": [
                      "Succeeded"
                    ]
                  },
                  "metadata": {
                    "operationMetadataId": "639e0208-6aa4-4975-88d8-df34443be634"
                  },
                  "type": "Foreach"
                },
                "Verification_si_des_Competences_ont_ete_valides": {
                  "actions": {
                    "Add_a_new_row": {
                      "runAfter": {},
                      "metadata": {
                        "operationMetadataId": "63749608-90b3-4749-a861-e165fe2235d3"
                      },
                      "type": "OpenApiConnection",
                      "inputs": {
                        "host": {
                          "connectionName": "shared_commondataserviceforapps",
                          "operationId": "CreateRecord",
                          "apiId": "/providers/Microsoft.PowerApps/apis/shared_commondataserviceforapps"
                        },
                        "parameters": {
                          "entityName": "dteam_newses",
                          "item/dteam_name": "Nouvelle(s) compétence(s) validée(s) !",
                          "item/dteam_affichagebool": true,
                          "item/dteam_carnetId@odata.bind": "dteam_carnets(@{outputs('Récupération_du_Carnet')?['body/dteam_carnetid']})",
                          "item/dteam_destinataireId@odata.bind": "systemusers(@{outputs('Récupération_du_Carnet')?['body/_dteam_apprenantid_value']})",
                          "item/ownerid@odata.bind": "systemusers(@{outputs('Récupération_du_Carnet')?['body/_dteam_apprenantid_value']})",
                          "item/dteam_textemlt": "Des compétences viennent d'être validées !\n@{variables('NomCompetencesValides')}",
                          "item/dteam_typechoice": 402730003
                        },
                        "authentication": "@parameters('$authentication')"
                      }
                    }
                  },
                  "runAfter": {
                    "Apply_to_each_3": [
                      "Succeeded"
                    ]
                  },
                  "expression": {
                    "not": {
                      "equals": [
                        "@length(variables('NomCompetencesValides'))",
                        0
                      ]
                    }
                  },
                  "metadata": {
                    "operationMetadataId": "ab3dd336-fdaf-4477-ae83-74bc53f42403"
                  },
                  "type": "If"
                },
                "Verification_si_des_Themes_ont_ete_valides": {
                  "actions": {
                    "Recuperations_des_referents": {
                      "runAfter": {
                        "Ajout_d'une_News_-_Theme_valide_-_Apprenant": [
                          "Succeeded"
                        ]
                      },
                      "metadata": {
                        "operationMetadataId": "88b15db8-4a93-43b6-924f-4ddfb723aace"
                      },
                      "type": "OpenApiConnection",
                      "inputs": {
                        "host": {
                          "connectionName": "shared_commondataserviceforapps",
                          "operationId": "ListRecords",
                          "apiId": "/providers/Microsoft.PowerApps/apis/shared_commondataserviceforapps"
                        },
                        "parameters": {
                          "entityName": "systemuserrolescollection",
                          "$filter": "(roleid eq ebac6ad7-59af-44c7-b108-9821fcf6363f)"
                        },
                        "authentication": "@parameters('$authentication')"
                      }
                    },
                    "Apply_to_each_4": {
                      "foreach": "@outputs('Recuperations_des_referents')?['body/value']",
                      "actions": {
                        "Ajout_d'une_News_-_Theme_valide_-_Referent": {
                          "runAfter": {},
                          "metadata": {
                            "operationMetadataId": "63749608-90b3-4749-a861-e165fe2235d3"
                          },
                          "type": "OpenApiConnection",
                          "inputs": {
                            "host": {
                              "connectionName": "shared_commondataserviceforapps",
                              "operationId": "CreateRecord",
                              "apiId": "/providers/Microsoft.PowerApps/apis/shared_commondataserviceforapps"
                            },
                            "parameters": {
                              "entityName": "dteam_newses",
                              "item/dteam_name": "Nouveau(x) Thème(s) validé(s) !",
                              "item/dteam_affichagebool": true,
                              "item/dteam_carnetId@odata.bind": "dteam_carnets(@{outputs('Récupération_du_Carnet')?['body/dteam_carnetid']})",
                              "item/dteam_destinataireId@odata.bind": "systemusers(@{items('Apply_to_each_4')?['systemuserid']})",
                              "item/dteam_textemlt": "L'apprenant @{outputs('Get_a_row_by_ID_:_Récupération_de_l''apprenant')?['body/fullname']} vient de valider ses thèmes de son carnet :\n@{variables('NomThemesValides')}",
                              "item/dteam_typechoice": 402730004
                            },
                            "authentication": "@parameters('$authentication')"
                          }
                        }
                      },
                      "runAfter": {
                        "Recuperations_des_referents": [
                          "Succeeded"
                        ]
                      },
                      "metadata": {
                        "operationMetadataId": "8567817e-ba67-4c13-91ef-2d42d9074e26"
                      },
                      "type": "Foreach"
                    },
                    "Ajout_d'une_News_-_Theme_valide_-_Apprenant": {
                      "runAfter": {},
                      "metadata": {
                        "operationMetadataId": "63749608-90b3-4749-a861-e165fe2235d3"
                      },
                      "type": "OpenApiConnection",
                      "inputs": {
                        "host": {
                          "connectionName": "shared_commondataserviceforapps",
                          "operationId": "CreateRecord",
                          "apiId": "/providers/Microsoft.PowerApps/apis/shared_commondataserviceforapps"
                        },
                        "parameters": {
                          "entityName": "dteam_newses",
                          "item/dteam_name": "Nouveau(x) Thème(s) validé(s) !",
                          "item/dteam_affichagebool": true,
                          "item/dteam_carnetId@odata.bind": "dteam_carnets(@{outputs('Récupération_du_Carnet')?['body/dteam_carnetid']})",
                          "item/dteam_destinataireId@odata.bind": "systemusers(@{outputs('Récupération_du_Carnet')?['body/_dteam_apprenantid_value']})",
                          "item/ownerid@odata.bind": "systemusers(@{outputs('Récupération_du_Carnet')?['body/_dteam_apprenantid_value']})",
                          "item/dteam_textemlt": "Des noueaux thèmes ont été validés !\n@{variables('NomThemesValides')}",
                          "item/dteam_typechoice": 402730004
                        },
                        "authentication": "@parameters('$authentication')"
                      }
                    }
                  },
                  "runAfter": {
                    "Verification_si_des_Competences_ont_ete_valides": [
                      "Succeeded"
                    ]
                  },
                  "expression": {
                    "not": {
                      "equals": [
                        "@length(variables('NomThemesValides'))",
                        0
                      ]
                    }
                  },
                  "metadata": {
                    "operationMetadataId": "debb2d13-f3a2-4953-93f3-77f7c9cf9ed5"
                  },
                  "type": "If"
                },
                "Ajout_d'une_News_pour_l'Apprenant_OK": {
                  "runAfter": {
                    "Mise_à_jour_de_l'Observation_-_Approuvé": [
                      "Succeeded"
                    ]
                  },
                  "metadata": {
                    "operationMetadataId": "b85a0cda-a400-4f24-8afe-3182a5dd97f9"
                  },
                  "type": "OpenApiConnection",
                  "inputs": {
                    "host": {
                      "connectionName": "shared_commondataserviceforapps",
                      "operationId": "CreateRecord",
                      "apiId": "/providers/Microsoft.PowerApps/apis/shared_commondataserviceforapps"
                    },
                    "parameters": {
                      "entityName": "dteam_newses",
                      "item/dteam_name": "Auto-observation validée !",
                      "item/dteam_affichagebool": true,
                      "item/dteam_carnetId@odata.bind": "dteam_carnets(@{outputs('Récupération_du_Carnet')?['body/dteam_carnetid']})",
                      "item/dteam_destinataireId@odata.bind": "systemusers(@{outputs('Récupération_du_Carnet')?['body/_dteam_apprenantid_value']})",
                      "item/ownerid@odata.bind": "systemusers(@{outputs('Récupération_du_Carnet')?['body/_dteam_apprenantid_value']})",
                      "item/dteam_textemlt": "L'auto-observation a été validée par le compagnon.\n\nCompétences concernées par l'auto-observation :\n@{variables('NomCompetences')}\n\nCommentaire du compagnon :\n@{items('Apply_to_each')?['comments']}",
                      "item/dteam_typechoice": 402730002
                    },
                    "authentication": "@parameters('$authentication')"
                  }
                }
              },
              "runAfter": {},
              "else": {
                "actions": {
                  "Mise_à_jour_de_l'Observation_-_Refus": {
                    "runAfter": {},
                    "metadata": {
                      "operationMetadataId": "c947f113-cb83-4b2b-b89d-cae54de64131"
                    },
                    "type": "OpenApiConnection",
                    "inputs": {
                      "host": {
                        "connectionName": "shared_commondataserviceforapps",
                        "operationId": "UpdateRecord",
                        "apiId": "/providers/Microsoft.PowerApps/apis/shared_commondataserviceforapps"
                      },
                      "parameters": {
                        "entityName": "dteam_observations",
                        "recordId": "@outputs('Ajout_d''une_nouvelle_Observation')?['body/dteam_observationid']",
                        "item/dteam_name": "@outputs('Ajout_d''une_nouvelle_Observation')?['body/dteam_name']",
                        "item/dteam_contextetxt": "@outputs('Ajout_d''une_nouvelle_Observation')?['body/dteam_contextetxt']",
                        "item/dteam_dateobservationdt": "@outputs('Ajout_d''une_nouvelle_Observation')?['body/dteam_dateobservationdt']",
                        "item/dteam_tatdevalidationchoice": 402730002,
                        "item/statuscode": 402730001,
                        "item/statecode": 1,
                        "item/dteam_textemlt": "@outputs('Ajout_d''une_nouvelle_Observation')?['body/dteam_textemlt']"
                      },
                      "authentication": "@parameters('$authentication')"
                    }
                  },
                  "Ajout_d'une_News_pour_l'Apprenant_NOK": {
                    "runAfter": {
                      "Mise_à_jour_de_l'Observation_-_Refus": [
                        "Succeeded"
                      ]
                    },
                    "metadata": {
                      "operationMetadataId": "b85a0cda-a400-4f24-8afe-3182a5dd97f9"
                    },
                    "type": "OpenApiConnection",
                    "inputs": {
                      "host": {
                        "connectionName": "shared_commondataserviceforapps",
                        "operationId": "CreateRecord",
                        "apiId": "/providers/Microsoft.PowerApps/apis/shared_commondataserviceforapps"
                      },
                      "parameters": {
                        "entityName": "dteam_newses",
                        "item/dteam_name": "Auto-observation rejetée !",
                        "item/dteam_affichagebool": true,
                        "item/dteam_carnetId@odata.bind": "dteam_carnets(@{outputs('Récupération_du_Carnet')?['body/dteam_carnetid']})",
                        "item/dteam_destinataireId@odata.bind": "systemusers(@{outputs('Récupération_du_Carnet')?['body/_dteam_apprenantid_value']})",
                        "item/ownerid@odata.bind": "systemusers(@{outputs('Récupération_du_Carnet')?['body/_dteam_apprenantid_value']})",
                        "item/dteam_textemlt": "L'auto-observation a été refusé par le compagnon.\n\nCompétences concernées par l'auto-observation :\n@{variables('NomCompetences')}\n\nCommentaire du compagnon :\n@{items('Apply_to_each')?['comments']}",
                        "item/dteam_typechoice": 402730006
                      },
                      "authentication": "@parameters('$authentication')"
                    }
                  }
                }
              },
              "expression": {
                "equals": [
                  "@items('Apply_to_each')?['approverResponse']",
                  "Approve"
                ]
              },
              "metadata": {
                "operationMetadataId": "c0e232d3-deb1-4b41-9a41-05e3dea89141"
              },
              "type": "If"
            }
          },
          "runAfter": {
            "Début_du_flux_d'approbation_de_l'Observation": [
              "Succeeded"
            ]
          },
          "metadata": {
            "operationMetadataId": "72d29048-2c04-4b10-9277-c0c683780d60"
          },
          "type": "Foreach"
        },
        "Apply_to_each_2": {
          "foreach": "@body('Parse_JSON')",
          "actions": {
            "Recuperation_de_la_Competence_de_l'Observation": {
              "runAfter": {},
              "metadata": {
                "operationMetadataId": "43eb9b0d-f3ff-40f2-9af9-e97f5bd93281"
              },
              "type": "OpenApiConnection",
              "inputs": {
                "host": {
                  "connectionName": "shared_commondataserviceforapps",
                  "operationId": "GetItem",
                  "apiId": "/providers/Microsoft.PowerApps/apis/shared_commondataserviceforapps"
                },
                "parameters": {
                  "entityName": "dteam_competencecarnets",
                  "recordId": "@items('Apply_to_each_2')['dteam_competencecarnetid']"
                },
                "authentication": "@parameters('$authentication')"
              }
            },
            "Ajout_du_nom_de_la_Compétence_dans_la_liste": {
              "runAfter": {
                "Relate_rows_Observation_-_Compétence": [
                  "Succeeded"
                ]
              },
              "metadata": {
                "operationMetadataId": "29a9a72c-eaab-4e12-a4db-364d8c13b27e"
              },
              "type": "AppendToStringVariable",
              "inputs": {
                "name": "NomCompetences",
                "value": "- @{outputs('Recuperation_de_la_Competence_de_l''Observation')?['body/dteam_name']}\n"
              }
            },
            "Incrementation_du_nombre_d'Observation_de_la_Competence": {
              "runAfter": {
                "Ajout_du_nom_de_la_Compétence_dans_la_liste": [
                  "Succeeded"
                ]
              },
              "metadata": {
                "operationMetadataId": "2d049b5d-1d5c-4187-9d34-768363481ab9"
              },
              "type": "SetVariable",
              "inputs": {
                "name": "NbObservationsCompetence",
                "value": "@add(outputs('Recuperation_de_la_Competence_de_l''Observation')?['body/dteam_nbobservationsnbr'], 1)"
              }
            },
            "Mise_à_jour_du_nombre_d'Observations_de_la_Compétence": {
              "runAfter": {
                "Incrementation_du_nombre_d'Observation_de_la_Competence": [
                  "Succeeded"
                ]
              },
              "metadata": {
                "operationMetadataId": "9b9ae435-1e29-4e9a-b811-18e80b960232"
              },
              "type": "OpenApiConnection",
              "inputs": {
                "host": {
                  "connectionName": "shared_commondataserviceforapps",
                  "operationId": "UpdateRecord",
                  "apiId": "/providers/Microsoft.PowerApps/apis/shared_commondataserviceforapps"
                },
                "parameters": {
                  "entityName": "dteam_competencecarnets",
                  "recordId": "@outputs('Recuperation_de_la_Competence_de_l''Observation')?['body/dteam_competencecarnetid']",
                  "item/dteam_name": "@outputs('Recuperation_de_la_Competence_de_l''Observation')?['body/dteam_name']",
                  "item/dteam_nbobservationsnbr": "@variables('NbObservationsCompetence')",
                  "item/dteam_nbobservationsavalidernbr": "@outputs('Recuperation_de_la_Competence_de_l''Observation')?['body/dteam_nbobservationsavalidernbr']",
                  "item/dteam_nbobservationsvalidesnbr": "@outputs('Recuperation_de_la_Competence_de_l''Observation')?['body/dteam_nbobservationsvalidesnbr']",
                  "item/dteam_seuilnbr": "@outputs('Recuperation_de_la_Competence_de_l''Observation')?['body/dteam_seuilnbr']"
                },
                "authentication": "@parameters('$authentication')"
              }
            },
            "Relate_rows_Observation_-_Compétence": {
              "runAfter": {
                "Recuperation_de_la_Competence_de_l'Observation": [
                  "Succeeded"
                ]
              },
              "metadata": {
                "operationMetadataId": "bc592f98-7fc1-4949-ac77-ed239d3e858d"
              },
              "type": "OpenApiConnection",
              "inputs": {
                "host": {
                  "connectionName": "shared_commondataserviceforapps",
                  "operationId": "AssociateEntities",
                  "apiId": "/providers/Microsoft.PowerApps/apis/shared_commondataserviceforapps"
                },
                "parameters": {
                  "entityName": "dteam_observations",
                  "recordId": "@outputs('Ajout_d''une_nouvelle_Observation')?['body/dteam_observationid']",
                  "associationEntityRelationship": "dteam_CompetenceCarnet_dteam_Observation_",
                  "item/@odata.id": "@outputs('Recuperation_de_la_Competence_de_l''Observation')?['body/@odata.id']"
                },
                "authentication": "@parameters('$authentication')"
              }
            }
          },
          "runAfter": {
            "Ajout_d'une_nouvelle_Observation": [
              "Succeeded"
            ]
          },
          "metadata": {
            "operationMetadataId": "7ec306a8-6efb-41da-abe8-57e43a6a2227"
          },
          "type": "Foreach"
        },
        "Variable_:_Nom_des_Compétences": {
          "runAfter": {
            "Variable_:_Nb_Observations_Valides": [
              "Succeeded"
            ]
          },
          "metadata": {
            "operationMetadataId": "bb2c6791-5225-4aa1-a6b7-fd22e4f15935"
          },
          "type": "InitializeVariable",
          "inputs": {
            "variables": [
              {
                "name": "NomCompetences",
                "type": "string"
              }
            ]
          }
        },
        "Variable_:_Nb_Observations_Valides": {
          "runAfter": {
            "Variable_:_Nb_Observations": [
              "Succeeded"
            ]
          },
          "metadata": {
            "operationMetadataId": "2d4c1859-9d21-45f4-9872-6c723ec8d074"
          },
          "type": "InitializeVariable",
          "inputs": {
            "variables": [
              {
                "name": "NbObservationValides",
                "type": "integer",
                "value": 1
              }
            ]
          }
        },
        "Variable_:_Nom_des_Compétences_validées": {
          "runAfter": {
            "Variable_:_Nom_des_Compétences": [
              "Succeeded"
            ]
          },
          "metadata": {
            "operationMetadataId": "7d332fbe-e332-464b-9816-00200591dd19"
          },
          "type": "InitializeVariable",
          "inputs": {
            "variables": [
              {
                "name": "NomCompetencesValides",
                "type": "string"
              }
            ]
          }
        },
        "Variable_:_Nom_des_Thèmes_Valides": {
          "runAfter": {
            "Variable_:_Nom_des_Compétences_validées": [
              "Succeeded"
            ]
          },
          "metadata": {
            "operationMetadataId": "1aa01adf-3a61-4ed8-ac07-9fa7f0961373"
          },
          "type": "InitializeVariable",
          "inputs": {
            "variables": [
              {
                "name": "NomThemesValides",
                "type": "string"
              }
            ]
          }
        },
        "Get_a_row_by_ID_:_Récupération_de_l'apprenant": {
          "runAfter": {
            "Mail_du_Compagnon": [
              "Succeeded"
            ]
          },
          "metadata": {
            "operationMetadataId": "c7fa1f75-3da6-486a-a9b0-1bf4a938049f"
          },
          "type": "OpenApiConnection",
          "inputs": {
            "host": {
              "connectionName": "shared_commondataserviceforapps",
              "operationId": "GetItem",
              "apiId": "/providers/Microsoft.PowerApps/apis/shared_commondataserviceforapps"
            },
            "parameters": {
              "entityName": "systemusers",
              "recordId": "@outputs('Récupération_du_Carnet')?['body/_dteam_apprenantid_value']"
            },
            "authentication": "@parameters('$authentication')"
          }
        },
        "Ajout_d'une_News_pour_le_Compagnon": {
          "runAfter": {
            "Respond_to_a_PowerApp_or_flow": [
              "Succeeded"
            ]
          },
          "metadata": {
            "operationMetadataId": "b85a0cda-a400-4f24-8afe-3182a5dd97f9"
          },
          "type": "OpenApiConnection",
          "inputs": {
            "host": {
              "connectionName": "shared_commondataserviceforapps",
              "operationId": "CreateRecord",
              "apiId": "/providers/Microsoft.PowerApps/apis/shared_commondataserviceforapps"
            },
            "parameters": {
              "entityName": "dteam_newses",
              "item/dteam_name": "Nouvelle Auto-observation à traiter !",
              "item/dteam_affichagebool": true,
              "item/dteam_carnetId@odata.bind": "dteam_carnets(@{outputs('Récupération_du_Carnet')?['body/dteam_carnetid']})",
              "item/dteam_destinataireId@odata.bind": "systemusers(@{outputs('Récupération_du_Carnet')?['body/_dteam_compagnonid_value']})",
              "item/ownerid@odata.bind": "systemusers(@{outputs('Récupération_du_Carnet')?['body/_dteam_compagnonid_value']})",
              "item/dteam_textemlt": "Une nouvelle auto-observation a été ajoutée pour le carnet de @{outputs('Récupération_du_Compagnon')?['body/fullname']}.\n\nCompétences concernées par l'auto-observation :\n@{variables('NomCompetences')}\n\nContexe de l'auto-observation : @{outputs('Ajout_d''une_nouvelle_Observation')?['body/dteam_contextetxt']}\n\nDescription :\n@{outputs('Ajout_d''une_nouvelle_Observation')?['body/dteam_textemlt']}",
              "item/dteam_typechoice": 402730000
            },
            "authentication": "@parameters('$authentication')"
          }
        }
      }
    },
    "templateName": ""
  },
  "schemaVersion": "1.0.0.0"
}