{
  "properties": {
    "connectionReferences": {
      "shared_commondataserviceforapps": {
        "runtimeSource": "embedded",
        "connection": {
          "connectionReferenceLogicalName": "dteam_sharedcommondataserviceforapps_11ec0"
        },
        "api": {
          "name": "shared_commondataserviceforapps"
        }
      }
    },
    "definition": {
      "$schema": "https://schema.management.azure.com/providers/Microsoft.Logic/schemas/2016-06-01/workflowdefinition.json#",
      "contentVersion": "1.0.0.0",
      "parameters": {
        "$connections": {
          "defaultValue": {},
          "type": "Object"
        },
        "$authentication": {
          "defaultValue": {},
          "type": "SecureObject"
        }
      },
      "triggers": {
        "manual": {
          "metadata": {
            "operationMetadataId": "c1f4982e-e5bd-4021-944b-277854e1e0ac"
          },
          "type": "Request",
          "kind": "PowerAppV2",
          "inputs": {
            "schema": {
              "type": "object",
              "properties": {
                "date": {
                  "title": "Date d'Observation",
                  "type": "string",
                  "format": "date",
                  "x-ms-dynamically-added": true,
                  "description": "Date de l'Observation",
                  "x-ms-content-hint": "DATE"
                },
                "text": {
                  "title": "Contexte",
                  "type": "string",
                  "x-ms-dynamically-added": true,
                  "description": "Contexte de l'Observation",
                  "x-ms-content-hint": "TEXT"
                },
                "text_1": {
                  "title": "Commentaire",
                  "type": "string",
                  "x-ms-dynamically-added": true,
                  "description": "Commentaire associé à l'Observation",
                  "x-ms-content-hint": "TEXT"
                },
                "text_2": {
                  "title": "Competences_ID",
                  "type": "string",
                  "x-ms-dynamically-added": true,
                  "description": "ID des Compétences associées à l'Observation",
                  "x-ms-content-hint": "TEXT"
                },
                "text_3": {
                  "title": "Carnet_ID",
                  "type": "string",
                  "x-ms-dynamically-added": true,
                  "description": "ID du Carnet",
                  "x-ms-content-hint": "TEXT"
                }
              },
              "required": [
                "date",
                "text",
                "text_1",
                "text_2",
                "text_3"
              ]
            }
          }
        }
      },
      "actions": {
        "Parse_JSON_:_Competences_de_l'Observation": {
          "runAfter": {
            "Notes": [
              "Succeeded"
            ]
          },
          "metadata": {
            "operationMetadataId": "0cce6ca8-8a03-4fcb-8133-c89058d227b9"
          },
          "type": "ParseJson",
          "inputs": {
            "content": "@triggerBody()['text_2']",
            "schema": {
              "type": "array",
              "items": {
                "type": "object",
                "properties": {
                  "dteam_competencecarnetid": {
                    "type": "string"
                  }
                },
                "required": [
                  "dteam_competencecarnetid"
                ]
              }
            }
          }
        },
        "Notes": {
          "runAfter": {},
          "metadata": {
            "operationMetadataId": "d4c099c4-f4e4-41f1-9017-940a8b64b8af"
          },
          "type": "Compose",
          "inputs": "X1/ Ajout de l'Observation dans la table Dataverse\n2/ Incrémentation de 1 du nombre d'observation des compétences\n3/ Vérification si le nombre d'observations a atteint le seuil d'observations\n3.1/ SI OUI : Passage de la compétence à \"Validée\"\n3.1.1/ Incrementation de 1 du nombre de compétences du Thème validée\n3.1.2/ ? Vérification si toutes les compétences du Thème sont validée\n3.2/ SI NON : Rien\n3.3/ SI Première Observation de la Compétence : Passage à \"En Cours\""
        },
        "Add_a_new_row": {
          "runAfter": {
            "Get_a_row_by_ID_:_Récupération_de_l'apprenant": [
              "Succeeded"
            ]
          },
          "metadata": {
            "operationMetadataId": "f2a59897-3140-4ac7-b87d-8780f2b1d4f0"
          },
          "type": "OpenApiConnection",
          "inputs": {
            "host": {
              "connectionName": "shared_commondataserviceforapps",
              "operationId": "CreateRecord",
              "apiId": "/providers/Microsoft.PowerApps/apis/shared_commondataserviceforapps"
            },
            "parameters": {
              "entityName": "dteam_observations",
              "item/dteam_name": "Observation-@{utcNow()}",
              "item/dteam_contextetxt": "@triggerBody()['text']",
              "item/dteam_dateobservationdt": "@triggerBody()['date']",
              "item/dteam_tatdevalidationchoice": 402730001,
              "item/ownerid@odata.bind": "systemusers(@{outputs('Récupération_du_Carnet')?['body/_ownerid_value']})",
              "item/dteam_textemlt": "@triggerBody()['text_1']"
            },
            "authentication": "@parameters('$authentication')"
          }
        },
        "Apply_to_each": {
          "foreach": "@body('Parse_JSON_:_Competences_de_l''Observation')",
          "actions": {
            "Recuperation_de_la_Competence_de_l'Observation": {
              "runAfter": {},
              "metadata": {
                "operationMetadataId": "a5e73b50-eee5-4535-8413-f4ad3d371919"
              },
              "type": "OpenApiConnection",
              "inputs": {
                "host": {
                  "connectionName": "shared_commondataserviceforapps",
                  "operationId": "GetItem",
                  "apiId": "/providers/Microsoft.PowerApps/apis/shared_commondataserviceforapps"
                },
                "parameters": {
                  "entityName": "dteam_competencecarnets",
                  "recordId": "@items('Apply_to_each')['dteam_competencecarnetid']"
                },
                "authentication": "@parameters('$authentication')"
              }
            },
            "Condition": {
              "actions": {
                "Update_a_row_2": {
                  "runAfter": {},
                  "metadata": {
                    "operationMetadataId": "11f3fcbd-8b2a-4df4-a713-14be56bec715"
                  },
                  "type": "OpenApiConnection",
                  "inputs": {
                    "host": {
                      "connectionName": "shared_commondataserviceforapps",
                      "operationId": "UpdateRecord",
                      "apiId": "/providers/Microsoft.PowerApps/apis/shared_commondataserviceforapps"
                    },
                    "parameters": {
                      "entityName": "dteam_competencecarnets",
                      "recordId": "@outputs('Recuperation_de_la_Competence_de_l''Observation')?['body/dteam_competencecarnetid']",
                      "item/dteam_name": "@outputs('Recuperation_de_la_Competence_de_l''Observation')?['body/dteam_name']",
                      "item/dteam_nbobservationsnbr": "@outputs('Recuperation_de_la_Competence_de_l''Observation')?['body/dteam_nbobservationsnbr']",
                      "item/dteam_nbobservationsavalidernbr": "@outputs('Recuperation_de_la_Competence_de_l''Observation')?['body/dteam_nbobservationsavalidernbr']",
                      "item/dteam_nbobservationsvalidesnbr": "@variables('NbObservationsCompetence')",
                      "item/dteam_seuilnbr": "@outputs('Recuperation_de_la_Competence_de_l''Observation')?['body/dteam_seuilnbr']",
                      "item/dteam_statutchoice": 402730002
                    },
                    "authentication": "@parameters('$authentication')"
                  }
                },
                "Append_to_string_variable": {
                  "runAfter": {
                    "Update_a_row_2": [
                      "Succeeded"
                    ]
                  },
                  "metadata": {
                    "operationMetadataId": "1d68e5d4-401d-4351-87c5-8bf7b5112fcf"
                  },
                  "type": "AppendToStringVariable",
                  "inputs": {
                    "name": "NomCompétencesValidées",
                    "value": "- @{outputs('Update_a_row_2')?['body/dteam_name']}\n"
                  }
                },
                "Recuperation_du_Theme_de_la_competence": {
                  "runAfter": {
                    "Append_to_string_variable": [
                      "Succeeded"
                    ]
                  },
                  "metadata": {
                    "operationMetadataId": "022ba6ca-cbf6-4ae8-8422-646776d9adfc"
                  },
                  "type": "OpenApiConnection",
                  "inputs": {
                    "host": {
                      "connectionName": "shared_commondataserviceforapps",
                      "operationId": "GetItem",
                      "apiId": "/providers/Microsoft.PowerApps/apis/shared_commondataserviceforapps"
                    },
                    "parameters": {
                      "entityName": "dteam_themecarnets",
                      "recordId": "@outputs('Update_a_row_2')?['body/_dteam_themecarnetid_value']"
                    },
                    "authentication": "@parameters('$authentication')"
                  }
                },
                "Vérification_si_le_Thème_n'est_pas_déjà_validé": {
                  "actions": {
                    "Mise_à_jour_du_Theme_en_Valide": {
                      "runAfter": {},
                      "metadata": {
                        "operationMetadataId": "808eca90-4f60-4398-8a81-38223c0a3248"
                      },
                      "type": "OpenApiConnection",
                      "inputs": {
                        "host": {
                          "connectionName": "shared_commondataserviceforapps",
                          "operationId": "UpdateRecord",
                          "apiId": "/providers/Microsoft.PowerApps/apis/shared_commondataserviceforapps"
                        },
                        "parameters": {
                          "entityName": "dteam_themecarnets",
                          "recordId": "@outputs('Recuperation_du_Theme_de_la_competence')?['body/dteam_themecarnetid']",
                          "item/dteam_name": "@outputs('Recuperation_du_Theme_de_la_competence')?['body/dteam_name']",
                          "item/dteam_etatdevalidationbool": true,
                          "item/dteam_niveau1txt": "@outputs('Recuperation_du_Theme_de_la_competence')?['body/dteam_niveau1txt']",
                          "item/dteam_niveau2txt": "@outputs('Recuperation_du_Theme_de_la_competence')?['body/dteam_niveau2txt']",
                          "item/dteam_niveau3txt": "@outputs('Recuperation_du_Theme_de_la_competence')?['body/dteam_niveau3txt']"
                        },
                        "authentication": "@parameters('$authentication')"
                      }
                    },
                    "Ajout_du_nom_du_Theme_dans_la_liste_des_Themes_valides": {
                      "runAfter": {
                        "Mise_à_jour_du_Theme_en_Valide": [
                          "Succeeded"
                        ]
                      },
                      "metadata": {
                        "operationMetadataId": "34ca5d8c-1620-4520-9c81-a55084b517ce"
                      },
                      "type": "AppendToStringVariable",
                      "inputs": {
                        "name": "NomThemesValides",
                        "value": "- @{outputs('Mise_à_jour_du_Theme_en_Valide')?['body/dteam_name']}\n"
                      }
                    }
                  },
                  "runAfter": {
                    "Recuperation_du_Theme_de_la_competence": [
                      "Succeeded"
                    ]
                  },
                  "expression": {
                    "and": [
                      {
                        "equals": [
                          "@outputs('Recuperation_du_Theme_de_la_competence')?['body/dteam_nbcompetencesvalidenbr']",
                          "@outputs('Recuperation_du_Theme_de_la_competence')?['body/dteam_nbcompetencenbr']"
                        ]
                      },
                      {
                        "equals": [
                          "@outputs('Recuperation_du_Theme_de_la_competence')?['body/dteam_etatdevalidationbool']",
                          "@false"
                        ]
                      }
                    ]
                  },
                  "metadata": {
                    "operationMetadataId": "fe461271-a103-4942-bed4-4cd994e827c3"
                  },
                  "type": "If"
                }
              },
              "runAfter": {
                "Incrementation_du_nombre_d'Observation_de_la_Competence": [
                  "Succeeded"
                ]
              },
              "else": {
                "actions": {
                  "Update_a_row": {
                    "runAfter": {},
                    "metadata": {
                      "operationMetadataId": "b87f5c95-e344-4b39-86a4-7b6d1e4bf728"
                    },
                    "type": "OpenApiConnection",
                    "inputs": {
                      "host": {
                        "connectionName": "shared_commondataserviceforapps",
                        "operationId": "UpdateRecord",
                        "apiId": "/providers/Microsoft.PowerApps/apis/shared_commondataserviceforapps"
                      },
                      "parameters": {
                        "entityName": "dteam_competencecarnets",
                        "recordId": "@outputs('Recuperation_de_la_Competence_de_l''Observation')?['body/dteam_competencecarnetid']",
                        "item/dteam_name": "@outputs('Recuperation_de_la_Competence_de_l''Observation')?['body/dteam_name']",
                        "item/dteam_nbobservationsnbr": "@outputs('Recuperation_de_la_Competence_de_l''Observation')?['body/dteam_nbobservationsnbr']",
                        "item/dteam_nbobservationsavalidernbr": "@outputs('Recuperation_de_la_Competence_de_l''Observation')?['body/dteam_nbobservationsavalidernbr']",
                        "item/dteam_nbobservationsvalidesnbr": "@variables('NbObservationsCompetence')",
                        "item/dteam_seuilnbr": "@outputs('Recuperation_de_la_Competence_de_l''Observation')?['body/dteam_seuilnbr']",
                        "item/dteam_statutchoice": 402730001
                      },
                      "authentication": "@parameters('$authentication')"
                    }
                  }
                }
              },
              "expression": {
                "greaterOrEquals": [
                  "@variables('NbObservationsCompetence')",
                  "@outputs('Recuperation_de_la_Competence_de_l''Observation')?['body/dteam_nbobservationsavalidernbr']"
                ]
              },
              "metadata": {
                "operationMetadataId": "4b02de03-87ed-49af-a8c1-a9c22dc0a53b"
              },
              "type": "If"
            },
            "Incrementation_du_nombre_d'Observation_de_la_Competence": {
              "runAfter": {
                "Ajout_du_nom_de_la_Compétence_dans_la_liste_des_Compétences_observées": [
                  "Succeeded"
                ]
              },
              "metadata": {
                "operationMetadataId": "263ed3c2-d710-44f1-9f39-9eada55e3cfa"
              },
              "type": "SetVariable",
              "inputs": {
                "name": "NbObservationsCompetence",
                "value": "@add(outputs('Recuperation_de_la_Competence_de_l''Observation')?['body/dteam_nbobservationsvalidesnbr'], 1)"
              }
            },
            "Ajout_du_nom_de_la_Compétence_dans_la_liste_des_Compétences_observées": {
              "runAfter": {
                "Relate_rows": [
                  "Succeeded"
                ]
              },
              "metadata": {
                "operationMetadataId": "4dade402-c477-4ca6-aee6-dedeeae5a287"
              },
              "type": "AppendToStringVariable",
              "inputs": {
                "name": "NomCompétencesObservées",
                "value": "- @{outputs('Recuperation_de_la_Competence_de_l''Observation')?['body/dteam_name']}\n"
              }
            },
            "Relate_rows": {
              "runAfter": {
                "Recuperation_de_la_Competence_de_l'Observation": [
                  "Succeeded"
                ]
              },
              "metadata": {
                "operationMetadataId": "28e5f098-7cb3-4bbe-93aa-eb8517ccc9b9"
              },
              "type": "OpenApiConnection",
              "inputs": {
                "host": {
                  "connectionName": "shared_commondataserviceforapps",
                  "operationId": "AssociateEntities",
                  "apiId": "/providers/Microsoft.PowerApps/apis/shared_commondataserviceforapps"
                },
                "parameters": {
                  "entityName": "dteam_observations",
                  "recordId": "@outputs('Add_a_new_row')?['body/dteam_observationid']",
                  "associationEntityRelationship": "dteam_CompetenceCarnet_dteam_Observation_",
                  "item/@odata.id": "@outputs('Recuperation_de_la_Competence_de_l''Observation')?['body/@odata.id']"
                },
                "authentication": "@parameters('$authentication')"
              }
            }
          },
          "runAfter": {
            "Respond_to_a_PowerApp_or_flow": [
              "Succeeded"
            ]
          },
          "metadata": {
            "operationMetadataId": "9f14bdd9-a096-417e-905b-fd38a96b6ae2"
          },
          "type": "Foreach"
        },
        "Variable_:_Nb_Observations": {
          "runAfter": {
            "Parse_JSON_:_Competences_de_l'Observation": [
              "Succeeded"
            ]
          },
          "metadata": {
            "operationMetadataId": "b556e671-a199-402b-ba9a-364ff8900d0d"
          },
          "type": "InitializeVariable",
          "inputs": {
            "variables": [
              {
                "name": "NbObservationsCompetence",
                "type": "integer",
                "value": 1
              }
            ]
          }
        },
        "Variable_:_Nom_des_Competences_Validees": {
          "runAfter": {
            "Variable_:_Nom_des_Competences_Observees": [
              "Succeeded"
            ]
          },
          "metadata": {
            "operationMetadataId": "546bd797-6bd9-4065-9892-2c0d31e29846"
          },
          "type": "InitializeVariable",
          "inputs": {
            "variables": [
              {
                "name": "NomCompétencesValidées",
                "type": "string"
              }
            ]
          }
        },
        "Variable_:_Nom_des_Competences_Observees": {
          "runAfter": {
            "Initialize_variable": [
              "Succeeded"
            ]
          },
          "metadata": {
            "operationMetadataId": "8b756d50-a8a8-402b-8ce1-5bc503edef32"
          },
          "type": "InitializeVariable",
          "inputs": {
            "variables": [
              {
                "name": "NomCompétencesObservées",
                "type": "string"
              }
            ]
          }
        },
        "Verification_si_des_Competences_ont_ete_valides": {
          "actions": {
            "Ajout_d'une_News_-_Competences_validees": {
              "runAfter": {},
              "metadata": {
                "operationMetadataId": "d622927e-af01-4994-a12f-9c0be987a362"
              },
              "type": "OpenApiConnection",
              "inputs": {
                "host": {
                  "connectionName": "shared_commondataserviceforapps",
                  "operationId": "CreateRecord",
                  "apiId": "/providers/Microsoft.PowerApps/apis/shared_commondataserviceforapps"
                },
                "parameters": {
                  "entityName": "dteam_newses",
                  "item/dteam_name": "Nouvelle(s) compétence(s) validée(s) !",
                  "item/dteam_affichagebool": true,
                  "item/dteam_carnetId@odata.bind": "dteam_carnets(@{outputs('Récupération_du_Carnet')?['body/dteam_carnetid']})",
                  "item/dteam_destinataireId@odata.bind": "systemusers(@{outputs('Récupération_du_Carnet')?['body/_dteam_apprenantid_value']})",
                  "item/ownerid@odata.bind": "systemusers(@{outputs('Récupération_du_Carnet')?['body/_dteam_apprenantid_value']})",
                  "item/dteam_textemlt": "Des compétences viennent d'être validées !\n@{variables('NomCompétencesValidées')}",
                  "item/dteam_typechoice": 402730003
                },
                "authentication": "@parameters('$authentication')"
              }
            }
          },
          "runAfter": {
            "Ajout_d'une_News_-_Nouvelle_Observation": [
              "Succeeded"
            ]
          },
          "expression": {
            "not": {
              "equals": [
                "@length(variables('NomCompétencesValidées'))",
                0
              ]
            }
          },
          "metadata": {
            "operationMetadataId": "325cdefc-6ee6-4650-b036-93237ac5c836"
          },
          "type": "If"
        },
        "Récupération_du_Carnet": {
          "runAfter": {
            "Variable_:_Nom_des_Thèmes_Valides": [
              "Succeeded"
            ]
          },
          "metadata": {
            "operationMetadataId": "51216d88-fe30-4c00-ae72-cfe455ee4fb6"
          },
          "type": "OpenApiConnection",
          "inputs": {
            "host": {
              "connectionName": "shared_commondataserviceforapps",
              "operationId": "GetItem",
              "apiId": "/providers/Microsoft.PowerApps/apis/shared_commondataserviceforapps"
            },
            "parameters": {
              "entityName": "dteam_carnets",
              "recordId": "@triggerBody()['text_3']"
            },
            "authentication": "@parameters('$authentication')"
          }
        },
        "Initialize_variable": {
          "runAfter": {
            "Variable_:_Nb_Observations": [
              "Succeeded"
            ]
          },
          "metadata": {
            "operationMetadataId": "18121b92-891d-499f-8a95-f0867bf8004f"
          },
          "type": "InitializeVariable",
          "inputs": {
            "variables": [
              {
                "name": "NbObservationsValides",
                "type": "integer",
                "value": 1
              }
            ]
          }
        },
        "Variable_:_Nom_des_Thèmes_Valides": {
          "runAfter": {
            "Variable_:_Nom_des_Competences_Validees": [
              "Succeeded"
            ]
          },
          "metadata": {
            "operationMetadataId": "900246a0-791e-492e-bca4-2b412514f15a"
          },
          "type": "InitializeVariable",
          "inputs": {
            "variables": [
              {
                "name": "NomThemesValides",
                "type": "string"
              }
            ]
          }
        },
        "Respond_to_a_PowerApp_or_flow": {
          "runAfter": {
            "Add_a_new_row": [
              "Succeeded"
            ]
          },
          "metadata": {
            "operationMetadataId": "a6565f4a-4189-4328-839a-ace89befa734"
          },
          "type": "Response",
          "kind": "PowerApp",
          "inputs": {
            "statusCode": 200,
            "body": {
              "response": "OK"
            },
            "schema": {
              "type": "object",
              "properties": {
                "response": {
                  "title": "response",
                  "x-ms-dynamically-added": true,
                  "type": "string"
                }
              }
            }
          }
        },
        "Verification_si_des_Themes_ont_été_valides": {
          "actions": {
            "Recuperations_des_referents": {
              "runAfter": {
                "Ajout_d'une_News_-_Thème_valides_-_Apprenant": [
                  "Succeeded"
                ]
              },
              "metadata": {
                "operationMetadataId": "387844e7-8bc4-40ad-b547-b80adb125fdf"
              },
              "type": "OpenApiConnection",
              "inputs": {
                "host": {
                  "connectionName": "shared_commondataserviceforapps",
                  "operationId": "ListRecords",
                  "apiId": "/providers/Microsoft.PowerApps/apis/shared_commondataserviceforapps"
                },
                "parameters": {
                  "entityName": "systemuserrolescollection",
                  "$filter": "(roleid eq ebac6ad7-59af-44c7-b108-9821fcf6363f)"
                },
                "authentication": "@parameters('$authentication')"
              }
            },
            "Apply_to_each_2": {
              "foreach": "@outputs('Recuperations_des_referents')?['body/value']",
              "actions": {
                "Ajout_d'une_News_-_Theme_valide_-_Referent": {
                  "runAfter": {},
                  "metadata": {
                    "operationMetadataId": "d622927e-af01-4994-a12f-9c0be987a362"
                  },
                  "type": "OpenApiConnection",
                  "inputs": {
                    "host": {
                      "connectionName": "shared_commondataserviceforapps",
                      "operationId": "CreateRecord",
                      "apiId": "/providers/Microsoft.PowerApps/apis/shared_commondataserviceforapps"
                    },
                    "parameters": {
                      "entityName": "dteam_newses",
                      "item/dteam_name": "Nouveau(x) Thème(s) validé(s) !",
                      "item/dteam_affichagebool": true,
                      "item/dteam_carnetId@odata.bind": "dteam_carnets(@{outputs('Récupération_du_Carnet')?['body/dteam_carnetid']})",
                      "item/dteam_destinataireId@odata.bind": "systemusers(@{items('Apply_to_each_2')?['systemuserid']})",
                      "item/ownerid@odata.bind": "systemusers(@{items('Apply_to_each_2')?['systemuserid']})",
                      "item/dteam_textemlt": "L'apprenant @{outputs('Get_a_row_by_ID_:_Récupération_de_l''apprenant')?['body/fullname']} vient de valider un ou plusieurs thèmes de son carnet :\n@{variables('NomThemesValides')}",
                      "item/dteam_typechoice": 402730004
                    },
                    "authentication": "@parameters('$authentication')"
                  }
                }
              },
              "runAfter": {
                "Recuperations_des_referents": [
                  "Succeeded"
                ]
              },
              "metadata": {
                "operationMetadataId": "367547da-d0cf-4a95-b9b7-f54c4332a2ec"
              },
              "type": "Foreach"
            },
            "Ajout_d'une_News_-_Thème_valides_-_Apprenant": {
              "runAfter": {},
              "metadata": {
                "operationMetadataId": "d622927e-af01-4994-a12f-9c0be987a362"
              },
              "type": "OpenApiConnection",
              "inputs": {
                "host": {
                  "connectionName": "shared_commondataserviceforapps",
                  "operationId": "CreateRecord",
                  "apiId": "/providers/Microsoft.PowerApps/apis/shared_commondataserviceforapps"
                },
                "parameters": {
                  "entityName": "dteam_newses",
                  "item/dteam_name": "Nouveau(x) Thème(s) validé(s) !",
                  "item/dteam_affichagebool": true,
                  "item/dteam_carnetId@odata.bind": "dteam_carnets(@{outputs('Récupération_du_Carnet')?['body/dteam_carnetid']})",
                  "item/dteam_destinataireId@odata.bind": "systemusers(@{outputs('Récupération_du_Carnet')?['body/_dteam_apprenantid_value']})",
                  "item/ownerid@odata.bind": "systemusers(@{outputs('Récupération_du_Carnet')?['body/_dteam_apprenantid_value']})",
                  "item/dteam_textemlt": "Des thèmes viennent d'être validés !\n@{variables('NomThemesValides')}",
                  "item/dteam_typechoice": 402730004
                },
                "authentication": "@parameters('$authentication')"
              }
            }
          },
          "runAfter": {
            "Verification_si_des_Competences_ont_ete_valides": [
              "Succeeded"
            ]
          },
          "expression": {
            "not": {
              "equals": [
                "@length(variables('NomThemesValides'))",
                0
              ]
            }
          },
          "metadata": {
            "operationMetadataId": "46a62086-6c9b-475f-8cee-ad9b6ff76d90"
          },
          "type": "If"
        },
        "Get_a_row_by_ID_:_Récupération_de_l'apprenant": {
          "runAfter": {
            "Récupération_du_Carnet": [
              "Succeeded"
            ]
          },
          "metadata": {
            "operationMetadataId": "cc80b910-1514-4e6f-b1d4-ab942fa6973f"
          },
          "type": "OpenApiConnection",
          "inputs": {
            "host": {
              "connectionName": "shared_commondataserviceforapps",
              "operationId": "GetItem",
              "apiId": "/providers/Microsoft.PowerApps/apis/shared_commondataserviceforapps"
            },
            "parameters": {
              "entityName": "systemusers",
              "recordId": "@outputs('Récupération_du_Carnet')?['body/_dteam_apprenantid_value']"
            },
            "authentication": "@parameters('$authentication')"
          }
        },
        "Ajout_d'une_News_-_Nouvelle_Observation": {
          "runAfter": {
            "Apply_to_each": [
              "Succeeded"
            ]
          },
          "metadata": {
            "operationMetadataId": "689b8dcb-9bfd-4ddf-be99-5a1f73ec10a3"
          },
          "type": "OpenApiConnection",
          "inputs": {
            "host": {
              "connectionName": "shared_commondataserviceforapps",
              "operationId": "CreateRecord",
              "apiId": "/providers/Microsoft.PowerApps/apis/shared_commondataserviceforapps"
            },
            "parameters": {
              "entityName": "dteam_newses",
              "item/dteam_name": "Nouvelle Observation ajoutée !",
              "item/dteam_affichagebool": true,
              "item/dteam_carnetId@odata.bind": "dteam_carnets(@{outputs('Récupération_du_Carnet')?['body/dteam_carnetid']})",
              "item/dteam_destinataireId@odata.bind": "systemusers(@{outputs('Récupération_du_Carnet')?['body/_dteam_apprenantid_value']})",
              "item/ownerid@odata.bind": "systemusers(@{outputs('Récupération_du_Carnet')?['body/_dteam_apprenantid_value']})",
              "item/dteam_textemlt": "Une nouvelle observation a été rajoutée au carnet.\n\nL'observation concerne ces compétences :\n@{variables('NomCompétencesObservées')}",
              "item/dteam_typechoice": 402730000
            },
            "authentication": "@parameters('$authentication')"
          }
        }
      }
    },
    "templateName": ""
  },
  "schemaVersion": "1.0.0.0"
}