{
  "properties": {
    "connectionReferences": {
      "shared_commondataserviceforapps": {
        "runtimeSource": "embedded",
        "connection": {
          "connectionReferenceLogicalName": "dteam_sharedcommondataserviceforapps_11ec0"
        },
        "api": {
          "name": "shared_commondataserviceforapps"
        }
      }
    },
    "definition": {
      "$schema": "https://schema.management.azure.com/providers/Microsoft.Logic/schemas/2016-06-01/workflowdefinition.json#",
      "contentVersion": "1.0.0.0",
      "parameters": {
        "$connections": {
          "defaultValue": {},
          "type": "Object"
        },
        "$authentication": {
          "defaultValue": {},
          "type": "SecureObject"
        }
      },
      "triggers": {
        "manual": {
          "metadata": {
            "operationMetadataId": "739a665c-61e3-4f89-8075-729a272d2df6"
          },
          "type": "Request",
          "kind": "PowerAppV2",
          "inputs": {
            "schema": {
              "type": "object",
              "properties": {
                "text": {
                  "title": "ID_Carnet",
                  "type": "string",
                  "x-ms-dynamically-added": true,
                  "description": "ID du Carnet à rouvrir",
                  "x-ms-content-hint": "TEXT"
                }
              },
              "required": [
                "text"
              ]
            }
          }
        }
      },
      "actions": {
        "Recuperation_du_carnet_a_rouvrir": {
          "runAfter": {},
          "metadata": {
            "operationMetadataId": "c5cc7767-f2f8-4a53-a7bd-7215cbdee965"
          },
          "type": "OpenApiConnection",
          "inputs": {
            "host": {
              "connectionName": "shared_commondataserviceforapps",
              "operationId": "GetItem",
              "apiId": "/providers/Microsoft.PowerApps/apis/shared_commondataserviceforapps"
            },
            "parameters": {
              "entityName": "dteam_carnets",
              "recordId": "@triggerBody()['text']"
            },
            "authentication": "@parameters('$authentication')"
          }
        },
        "Recuperation_des_Themes_du_Carnet": {
          "runAfter": {
            "Recuperation_du_carnet_a_rouvrir": [
              "Succeeded"
            ]
          },
          "metadata": {
            "operationMetadataId": "2323ac76-b75b-4202-b9bb-d551a21d9d3e"
          },
          "type": "OpenApiConnection",
          "inputs": {
            "host": {
              "connectionName": "shared_commondataserviceforapps",
              "operationId": "ListRecords",
              "apiId": "/providers/Microsoft.PowerApps/apis/shared_commondataserviceforapps"
            },
            "parameters": {
              "entityName": "dteam_themecarnets",
              "$filter": "_dteam_carnetid_value eq @{outputs('Recuperation_du_carnet_a_rouvrir')?['body/dteam_carnetid']}"
            },
            "authentication": "@parameters('$authentication')"
          }
        },
        "Recuperation_des_Competences_du_Carnet": {
          "runAfter": {
            "Recuperation_des_Themes_du_Carnet": [
              "Succeeded"
            ]
          },
          "metadata": {
            "operationMetadataId": "1e93f0ab-df0c-4dff-860c-eb33db25263a"
          },
          "type": "OpenApiConnection",
          "inputs": {
            "host": {
              "connectionName": "shared_commondataserviceforapps",
              "operationId": "ListRecords",
              "apiId": "/providers/Microsoft.PowerApps/apis/shared_commondataserviceforapps"
            },
            "parameters": {
              "entityName": "dteam_competencecarnets",
              "$filter": "_dteam_carnetid_value eq @{outputs('Recuperation_du_carnet_a_rouvrir')?['body/dteam_carnetid']}"
            },
            "authentication": "@parameters('$authentication')"
          }
        },
        "Rouverture_du_Carnet": {
          "runAfter": {
            "Recuperation_des_Competences_du_Carnet": [
              "Succeeded"
            ]
          },
          "metadata": {
            "operationMetadataId": "5c62a4f4-d99a-4203-a565-0f92ddd7dcb5"
          },
          "type": "OpenApiConnection",
          "inputs": {
            "host": {
              "connectionName": "shared_commondataserviceforapps",
              "operationId": "UpdateRecord",
              "apiId": "/providers/Microsoft.PowerApps/apis/shared_commondataserviceforapps"
            },
            "parameters": {
              "entityName": "dteam_carnets",
              "recordId": "@outputs('Recuperation_du_carnet_a_rouvrir')?['body/dteam_carnetid']",
              "item/dteam_name": "@outputs('Recuperation_du_carnet_a_rouvrir')?['body/dteam_name']",
              "item/dteam_nbcompetencesid": "@outputs('Recuperation_du_carnet_a_rouvrir')?['body/dteam_nbcompetencesid']",
              "item/dteam_nbcompetencesvalidesnbr": "@outputs('Recuperation_du_carnet_a_rouvrir')?['body/dteam_nbcompetencesvalidesnbr']",
              "item/statuscode": 1,
              "item/statecode": 0
            },
            "authentication": "@parameters('$authentication')"
          }
        },
        "Apply_to_each": {
          "foreach": "@outputs('Recuperation_des_Themes_du_Carnet')?['body/value']",
          "actions": {
            "Rouverture_des_Themes_du_Carnet": {
              "runAfter": {},
              "metadata": {
                "operationMetadataId": "c986357c-a836-4edc-9654-19b0a0b0db0c"
              },
              "type": "OpenApiConnection",
              "inputs": {
                "host": {
                  "connectionName": "shared_commondataserviceforapps",
                  "operationId": "UpdateRecord",
                  "apiId": "/providers/Microsoft.PowerApps/apis/shared_commondataserviceforapps"
                },
                "parameters": {
                  "entityName": "dteam_themecarnets",
                  "recordId": "@items('Apply_to_each')?['dteam_themecarnetid']",
                  "item/dteam_name": "@items('Apply_to_each')?['dteam_name']",
                  "item/dteam_nbcompetencesvalidesnbr": "@items('Apply_to_each')?['dteam_nbcompetencesvalidesnbr']",
                  "item/dteam_nbcompetencesnbr": "@items('Apply_to_each')?['dteam_nbcompetencesnbr']",
                  "item/dteam_niveau1txt": "@items('Apply_to_each')?['dteam_niveau1txt']",
                  "item/dteam_niveau2txt": "@items('Apply_to_each')?['dteam_niveau2txt']",
                  "item/dteam_niveau3txt": "@items('Apply_to_each')?['dteam_niveau3txt']",
                  "item/statuscode": 1,
                  "item/statecode": 0
                },
                "authentication": "@parameters('$authentication')"
              }
            }
          },
          "runAfter": {
            "Rouverture_du_Carnet": [
              "Succeeded"
            ]
          },
          "metadata": {
            "operationMetadataId": "a3756dab-cbfc-40fe-9843-55b48e5d97fa"
          },
          "type": "Foreach"
        },
        "Apply_to_each_2": {
          "foreach": "@outputs('Recuperation_des_Competences_du_Carnet')?['body/value']",
          "actions": {
            "Rouverture_des_Competences_du_Carnet": {
              "runAfter": {},
              "metadata": {
                "operationMetadataId": "9b82908f-1742-4ef4-a562-e09ef91b085e"
              },
              "type": "OpenApiConnection",
              "inputs": {
                "host": {
                  "connectionName": "shared_commondataserviceforapps",
                  "operationId": "UpdateRecord",
                  "apiId": "/providers/Microsoft.PowerApps/apis/shared_commondataserviceforapps"
                },
                "parameters": {
                  "entityName": "dteam_competencecarnets",
                  "recordId": "@items('Apply_to_each_2')?['dteam_competencecarnetid']",
                  "item/dteam_name": "@items('Apply_to_each_2')?['dteam_name']",
                  "item/dteam_nbobservationsnbr": "@items('Apply_to_each_2')?['dteam_nbobservationsnbr']",
                  "item/dteam_nbobservationsavalidernbr": "@items('Apply_to_each_2')?['dteam_nbobservationsavalidernbr']",
                  "item/dteam_nbobservationsvalidesnbr": "@items('Apply_to_each_2')?['dteam_nbobservationsvalidesnbr']",
                  "item/statuscode": 1,
                  "item/dteam_seuilnbr": "@items('Apply_to_each_2')?['dteam_seuilnbr']",
                  "item/statecode": 0
                },
                "authentication": "@parameters('$authentication')"
              }
            }
          },
          "runAfter": {
            "Apply_to_each": [
              "Succeeded"
            ]
          },
          "metadata": {
            "operationMetadataId": "f359adc4-3cf7-487b-b230-6cc73fca7358"
          },
          "type": "Foreach"
        },
        "Respond_to_a_PowerApp_or_flow": {
          "runAfter": {
            "Apply_to_each_2": [
              "Succeeded"
            ]
          },
          "metadata": {
            "operationMetadataId": "10c3c112-2800-443b-b70d-f0505816a671"
          },
          "type": "Response",
          "kind": "PowerApp",
          "inputs": {
            "statusCode": 200,
            "body": {
              "response": "OK"
            },
            "schema": {
              "type": "object",
              "properties": {
                "response": {
                  "title": "response",
                  "x-ms-dynamically-added": true,
                  "type": "string"
                }
              }
            }
          }
        }
      }
    },
    "templateName": null
  },
  "schemaVersion": "1.0.0.0"
}