<environmentvariabledefinition schemaname="dteam_PowerBI_Dashboard">
  <defaultvalue>https://app.powerbi.com/embed?dashboardId=96aeda74-d860-4e40-b171-f61ad8612b6f&amp;tileId=93684b5b-c4b9-45f9-8e6a-cd6f87dfbc13&amp;config=eyJjbHVzdGVyVXJsIjoiaHR0cHM6Ly9XQUJJLU5PUlRILUVVUk9QRS1LLVBSSU1BUlktcmVkaXJlY3QuYW5hbHlzaXMud2luZG93cy5uZXQiLCJlbWJlZEZlYXR1cmVzIjp7Im1vZGVybkVtYmVkIjpmYWxzZX19</defaultvalue>
  <displayname default="PowerBI_Dashboard">
    <label description="PowerBI_Dashboard" languagecode="1036" />
  </displayname>
  <introducedversion>1.0.1.4</introducedversion>
  <iscustomizable>1</iscustomizable>
  <isrequired>0</isrequired>
  <secretstore>0</secretstore>
  <type>100000000</type>
</environmentvariabledefinition>