<environmentvariabledefinition schemaname="dteam_Dataflow_GUID">
  <defaultvalue>c9ffaab7-c622-43dc-8d03-c060b82d1a74</defaultvalue>
  <description default="GUID du dataflow de gestion des habilitations">
    <label description="GUID du dataflow de gestion des habilitations" languagecode="1036" />
  </description>
  <displayname default="Dataflow_GUID">
    <label description="Dataflow_GUID" languagecode="1036" />
  </displayname>
  <introducedversion>1.0.2.1</introducedversion>
  <iscustomizable>1</iscustomizable>
  <isrequired>0</isrequired>
  <secretstore>0</secretstore>
  <type>100000000</type>
</environmentvariabledefinition>