<ImportExportXml version="9.2.23121.190" SolutionPackageVersion="9.2" languagecode="1036" generatedBy="CrmLive" xmlns:xsi="http://www.w3.org/2001/XMLSchema-instance">
  <SolutionManifest>
    <UniqueName>Carnetdecompagnonnagev2</UniqueName>
    <LocalizedNames>
      <LocalizedName description="Carnet de compagnonnage v2" languagecode="1036" />
    </LocalizedNames>
    <Descriptions />
    <Version>1.0.7.2</Version>
    <Managed>0</Managed>
    <Publisher>
      <UniqueName>DPNTDTEAM</UniqueName>
      <LocalizedNames>
        <LocalizedName description="DPNT-DTEAM" languagecode="1036" />
      </LocalizedNames>
      <Descriptions />
      <EMailAddress xsi:nil="true"></EMailAddress>
      <SupportingWebsiteUrl xsi:nil="true"></SupportingWebsiteUrl>
      <CustomizationPrefix>dteam</CustomizationPrefix>
      <CustomizationOptionValuePrefix>40273</CustomizationOptionValuePrefix>
      <Addresses>
        <Address>
          <AddressNumber>1</AddressNumber>
          <AddressTypeCode>1</AddressTypeCode>
          <City xsi:nil="true"></City>
          <County xsi:nil="true"></County>
          <Country xsi:nil="true"></Country>
          <Fax xsi:nil="true"></Fax>
          <FreightTermsCode xsi:nil="true"></FreightTermsCode>
          <ImportSequenceNumber xsi:nil="true"></ImportSequenceNumber>
          <Latitude xsi:nil="true"></Latitude>
          <Line1 xsi:nil="true"></Line1>
          <Line2 xsi:nil="true"></Line2>
          <Line3 xsi:nil="true"></Line3>
          <Longitude xsi:nil="true"></Longitude>
          <Name xsi:nil="true"></Name>
          <PostalCode xsi:nil="true"></PostalCode>
          <PostOfficeBox xsi:nil="true"></PostOfficeBox>
          <PrimaryContactName xsi:nil="true"></PrimaryContactName>
          <ShippingMethodCode>1</ShippingMethodCode>
          <StateOrProvince xsi:nil="true"></StateOrProvince>
          <Telephone1 xsi:nil="true"></Telephone1>
          <Telephone2 xsi:nil="true"></Telephone2>
          <Telephone3 xsi:nil="true"></Telephone3>
          <TimeZoneRuleVersionNumber xsi:nil="true"></TimeZoneRuleVersionNumber>
          <UPSZone xsi:nil="true"></UPSZone>
          <UTCOffset xsi:nil="true"></UTCOffset>
          <UTCConversionTimeZoneCode xsi:nil="true"></UTCConversionTimeZoneCode>
        </Address>
        <Address>
          <AddressNumber>2</AddressNumber>
          <AddressTypeCode>1</AddressTypeCode>
          <City xsi:nil="true"></City>
          <County xsi:nil="true"></County>
          <Country xsi:nil="true"></Country>
          <Fax xsi:nil="true"></Fax>
          <FreightTermsCode xsi:nil="true"></FreightTermsCode>
          <ImportSequenceNumber xsi:nil="true"></ImportSequenceNumber>
          <Latitude xsi:nil="true"></Latitude>
          <Line1 xsi:nil="true"></Line1>
          <Line2 xsi:nil="true"></Line2>
          <Line3 xsi:nil="true"></Line3>
          <Longitude xsi:nil="true"></Longitude>
          <Name xsi:nil="true"></Name>
          <PostalCode xsi:nil="true"></PostalCode>
          <PostOfficeBox xsi:nil="true"></PostOfficeBox>
          <PrimaryContactName xsi:nil="true"></PrimaryContactName>
          <ShippingMethodCode>1</ShippingMethodCode>
          <StateOrProvince xsi:nil="true"></StateOrProvince>
          <Telephone1 xsi:nil="true"></Telephone1>
          <Telephone2 xsi:nil="true"></Telephone2>
          <Telephone3 xsi:nil="true"></Telephone3>
          <TimeZoneRuleVersionNumber xsi:nil="true"></TimeZoneRuleVersionNumber>
          <UPSZone xsi:nil="true"></UPSZone>
          <UTCOffset xsi:nil="true"></UTCOffset>
          <UTCConversionTimeZoneCode xsi:nil="true"></UTCConversionTimeZoneCode>
        </Address>
      </Addresses>
    </Publisher>
    <RootComponents>
      <RootComponent type="1" schemaName="dteam_carnet" behavior="0" />
      <RootComponent type="1" schemaName="dteam_competencecarnet" behavior="0" />
      <RootComponent type="1" schemaName="dteam_competencemodelecarnet" behavior="0" />
      <RootComponent type="1" schemaName="dteam_competencetheme" behavior="0" />
      <RootComponent type="1" schemaName="dteam_demandedhabilitation" behavior="0" />
      <RootComponent type="1" schemaName="dteam_demandesuppressionhabilitation" behavior="0" />
      <RootComponent type="1" schemaName="dteam_emploi" behavior="0" />
      <RootComponent type="1" schemaName="dteam_logsdesuppressiondhabilitation" behavior="0" />
      <RootComponent type="1" schemaName="dteam_logsdhabilitations" behavior="0" />
      <RootComponent type="1" schemaName="dteam_modelecarnet" behavior="0" />
      <RootComponent type="1" schemaName="dteam_news" behavior="0" />
      <RootComponent type="1" schemaName="dteam_observation" behavior="0" />
      <RootComponent type="1" schemaName="dteam_observationcompetence" behavior="0" />
      <RootComponent type="1" schemaName="dteam_packagededemandesdesuppressionsdhabilitation" behavior="0" />
      <RootComponent type="1" schemaName="dteam_packagededemandesdhabilitation" behavior="0" />
      <RootComponent type="1" schemaName="dteam_theme" behavior="0" />
      <RootComponent type="1" schemaName="dteam_themecarnet" behavior="0" />
      <RootComponent type="1" schemaName="systemuser" behavior="1" />
      <RootComponent type="20" id="{9e1a6e32-16b4-ed11-83ff-0022489fd3f7}" behavior="0" />
      <RootComponent type="20" id="{b155f2cf-edfe-ed11-8f6e-0022489fd623}" behavior="0" />
      <RootComponent type="20" id="{b79f81c4-d2ae-ed11-aad0-0022489fd3f7}" behavior="0" />
      <RootComponent type="20" id="{c7611869-17b4-ed11-83ff-0022489fd3f7}" behavior="0" />
      <RootComponent type="20" id="{dbf7a5b8-16b4-ed11-83ff-0022489fd3f7}" behavior="0" />
      <RootComponent type="29" id="{1522b502-a60a-ee11-8f6e-0022489fd623}" behavior="0" />
      <RootComponent type="29" id="{1bb8652f-ad99-ee11-be37-000d3a2ac8b1}" behavior="0" />
      <RootComponent type="29" id="{4c395020-485d-ee11-be6f-0022489fd623}" behavior="0" />
      <RootComponent type="29" id="{585f3705-a611-ee11-8f6d-0022489fd3f7}" behavior="0" />
      <RootComponent type="29" id="{5a3583e4-0ec4-ed11-83ff-0022489fd3f7}" behavior="0" />
      <RootComponent type="29" id="{603e9509-39c3-ed11-83ff-0022489fd3f7}" behavior="0" />
      <RootComponent type="29" id="{7726baf3-21c7-ed11-b597-0022489fd623}" behavior="0" />
      <RootComponent type="29" id="{7a1aa2ab-a5c9-ed11-b597-0022489fd623}" behavior="0" />
      <RootComponent type="29" id="{a7ff52a8-25b1-ee11-a569-000d3a2ac8b1}" behavior="0" />
      <RootComponent type="29" id="{b159c7e5-96c8-ed11-b597-0022489fd623}" behavior="0" />
      <RootComponent type="29" id="{b7d17b09-af24-ee11-9cbc-0022489fd3f7}" behavior="0" />
      <RootComponent type="29" id="{c09859b4-b8c8-ed11-b597-0022489fd623}" behavior="0" />
      <RootComponent type="29" id="{d553dd5b-c311-ee11-8f6d-0022489fd623}" behavior="0" />
      <RootComponent type="62" schemaName="dteam_Cahierdecompagnonnage_Admin" behavior="0" />
      <RootComponent type="80" schemaName="dteam_Cahierdecompagnonnage_Admin" behavior="0" />
      <RootComponent type="300" schemaName="cr807_powerappsbasiccomponentslibrary_ca501" behavior="0" />
      <RootComponent type="300" schemaName="dteam_administrationcarnet_d8506" behavior="0" />
      <RootComponent type="300" schemaName="dteam_administrationfluxdedonnes_72cf4" behavior="0" />
      <RootComponent type="300" schemaName="dteam_administrationvariablesdenvironnement_ef595" behavior="0" />
      <RootComponent type="300" schemaName="dteam_ajoutermodlecarnet_138d2" behavior="0" />
      <RootComponent type="300" schemaName="dteam_ajouteruncarnet_fbe9e" behavior="0" />
      <RootComponent type="300" schemaName="dteam_carnetdecompagnonnagev2_9f920" behavior="0" />
    </RootComponents>
    <MissingDependencies>
      <MissingDependency>
        <Required type="1" schemaName="environmentvariabledefinition" displayName="Environment Variable Definition" solution="EnvironmentVariables (1.0.2.293)" />
        <Dependent type="300" schemaName="dteam_administrationvariablesdenvironnement_ef595" displayName="Administration Variables d'environnement" />
      </MissingDependency>
      <MissingDependency>
        <Required type="1" schemaName="environmentvariabledefinition" displayName="Environment Variable Definition" solution="EnvironmentVariables (1.0.2.293)" />
        <Dependent type="300" schemaName="dteam_ajouteruncarnet_fbe9e" displayName="Ajouter un carnet" />
      </MissingDependency>
      <MissingDependency>
        <Required type="1" schemaName="environmentvariabledefinition" displayName="Environment Variable Definition" solution="EnvironmentVariables (1.0.2.293)" />
        <Dependent type="300" schemaName="dteam_carnetdecompagnonnagev2_9f920" displayName="Carnet de compagnonnage v2" />
      </MissingDependency>
      <MissingDependency>
        <Required type="1" schemaName="environmentvariablevalue" displayName="Environment Variable Value" solution="EnvironmentVariables (1.0.2.293)" />
        <Dependent type="300" schemaName="dteam_administrationvariablesdenvironnement_ef595" displayName="Administration Variables d'environnement" />
      </MissingDependency>
      <MissingDependency>
        <Required type="1" schemaName="environmentvariablevalue" displayName="Environment Variable Value" solution="EnvironmentVariables (1.0.2.293)" />
        <Dependent type="300" schemaName="dteam_ajouteruncarnet_fbe9e" displayName="Ajouter un carnet" />
      </MissingDependency>
      <MissingDependency>
        <Required type="1" schemaName="environmentvariablevalue" displayName="Environment Variable Value" solution="EnvironmentVariables (1.0.2.293)" />
        <Dependent type="300" schemaName="dteam_carnetdecompagnonnagev2_9f920" displayName="Carnet de compagnonnage v2" />
      </MissingDependency>
      <MissingDependency>
        <Required type="1" schemaName="synapselinkprofileentity" displayName="Synapse Link Profile Entity" solution="msdyn_SynapseLink (1.0.3.10)" />
        <Dependent type="80" schemaName="dteam_Cahierdecompagnonnage_Admin" displayName="Carnet de compagnonnage - Admin" />
      </MissingDependency>
      <MissingDependency>
        <Required type="300" schemaName="cat_powercatcomponentlibrary_0be3a" displayName="Power CAT Component Library" solution="CreatorKitCore (1.0.20230118.1)" />
        <Dependent type="300" schemaName="dteam_carnetdecompagnonnagev2_9f920" displayName="Carnet de compagnonnage v2" />
      </MissingDependency>
      <MissingDependency>
        <Required type="61" schemaName="msdyn_/Images/AppModule_Default_Icon.png" displayName="msdyn_/Images/AppModule_Default_Icon.png" solution="AppModuleWebResources (2.5)" />
        <Dependent type="80" schemaName="dteam_Cahierdecompagnonnage_Admin" displayName="Carnet de compagnonnage - Admin" />
      </MissingDependency>
      <MissingDependency>
        <Required type="SettingDefinition" displayName="FluentThemingPreview" solution="msdyn_PowerAppsThemingSettings (1.0.0.11)" id.uniquename="FluentThemingPreview" />
        <Dependent type="AppSetting" displayName="parentappmoduleid.uniquename=dteam_Cahierdecompagnonnage_Admin,settingdefinitionid.uniquename=FluentThemingPreview" id.parentappmoduleid.uniquename="dteam_Cahierdecompagnonnage_Admin" id.settingdefinitionid.uniquename="FluentThemingPreview" />
      </MissingDependency>
    </MissingDependencies>
  </SolutionManifest>
</ImportExportXml>